[{"genreId":"0","name":""},{"genreId":"427","name":"ska"},{"genreId":"786","name":"dubstep"},{"genreId":"864","name":"grindcore"},{"genreId":"34","name":"music"},{"genreId":"776","name":"downtempo"},{"genreId":"750","name":"nwobhm"},{"genreId":"625","name":"latin"},{"genreId":"676","name":"dance"},{"genreId":"530","name":"rap"},{"genreId":"840","name":"soundtrack"},{"genreId":"417","name":"alt-country"},{"genreId":"759","name":"metal"},{"genreId":"757","name":"shoegaze"},{"genreId":"756","name":"afropop"},{"genreId":"44","name":"dancer"},{"genreId":"753","name":"goregrind"},{"genreId":"856","name":"folk"},{"genreId":"867","name":"bluegrass"},{"genreId":"479","name":"50s"},{"genreId":"604","name":"90s"},{"genreId":"704","name":"singer/songwriter"},{"genreId":"672","name":"remix"},{"genreId":"43","name":"singer"},{"genreId":"835","name":"classical"},{"genreId":"879","name":"ambient"},{"genreId":"585","name":"cumbia"},{"genreId":"39","name":"rapper"},{"genreId":"828","name":"symphony"},{"genreId":"806","name":"pop"},{"genreId":"836","name":"rock"},{"genreId":"872","name":"electronic"},{"genreId":"749","name":"noise"},{"genreId":"422","name":"banda"},{"genreId":"7","name":"d.j"},{"genreId":"873","name":"americana"},{"genreId":"841","name":"gothic"},{"genreId":"727","name":"break"},{"genreId":"878","name":"techno"},{"genreId":"715","name":"lo-fi"},{"genreId":"875","name":"http://www.myspace.com/oyasaba"},{"genreId":"761","name":"chiptune"},{"genreId":"31","name":"swing"},{"genreId":"122","name":"00s"},{"genreId":"855","name":"avant-garde"},{"genreId":"450","name":"80s"},{"genreId":"865","name":"country"},{"genreId":"404","name":"dj/producer"},{"genreId":"652","name":"opera"},{"genreId":"880","name":"singer-songwriter"},{"genreId":"1","name":"dj"},{"genreId":"822","name":"jazz"},{"genreId":"535","name":"crunk"},{"genreId":"870","name":"psychedelic"},{"genreId":"644","name":"club"},{"genreId":"881","name":"http://www.myspace.com/danceswithwhitegirls"},{"genreId":"670","name":"comedy"},{"genreId":"45","name":"author"},{"genreId":"471","name":"(hysterical)"},{"genreId":"474","name":"roots"},{"genreId":"849","name":"trance"},{"genreId":"731","name":"drone"},{"genreId":"734","name":"Let\u0026"},{"genreId":"627","name":"fusion"},{"genreId":"748","name":"screamo"},{"genreId":"758","name":"celtic"},{"genreId":"826","name":"punk"},{"genreId":"732","name":"gospel"},{"genreId":"770","name":"70s"},{"genreId":"850","name":"indie"},{"genreId":"877","name":"death metal"},{"genreId":"662","name":"jrock"},{"genreId":"876","name":"post-hardcore"},{"genreId":"629","name":"soul"},{"genreId":"603","name":"emo"},{"genreId":"406","name":"disco"},{"genreId":"787","name":"flamenco"},{"genreId":"772","name":"house"},{"genreId":"862","name":"blues"},{"genreId":"136","name":"comedian"},{"genreId":"771","name":"breakbeat"},{"genreId":"717","name":"electro"},{"genreId":"716","name":"glitch"},{"genreId":"871","name":"rock/alternative/experimental"},{"genreId":"866","name":"synthpop"},{"genreId":"848","name":"metalcore"},{"genreId":"32","name":"comix"},{"genreId":"869","name":"hip hop"},{"genreId":"747","name":"folk-pop"},{"genreId":"854","name":"comedian-rapper-producer"},{"genreId":"793","name":"electropop"},{"genreId":"57","name":"vocalist"},{"genreId":"760","name":"sludge"},{"genreId":"790","name":"hardcore"},{"genreId":"874","name":"alternative"},{"genreId":"9","name":"sax"},{"genreId":"851","name":"r\u0026b"},{"genreId":"630","name":"dub"},{"genreId":"22","name":"bass"},{"genreId":"844","name":"industrial"},{"genreId":"127","name":"60s"},{"genreId":"441","name":"progressive"},{"genreId":"853","name":"rockabilly"},{"genreId":"25","name":"comic"},{"genreId":"611","name":"funk"},{"genreId":"661","name":"reggae"}]