[{"subGenreId":"1153","parentGenreId":"0","name":""},{"subGenreId":"979","parentGenreId":"759","name":"doom metal"},{"subGenreId":"1087","parentGenreId":"790","name":"old school hardcore"},{"subGenreId":"422","parentGenreId":"417","name":"alt-country - general"},{"subGenreId":"574","parentGenreId":"543","name":"jazz pop"},{"subGenreId":"1016","parentGenreId":"844","name":"industrial - general"},{"subGenreId":"811","parentGenreId":"716","name":"glitch - general"},{"subGenreId":"773","parentGenreId":"688","name":"classic rock"},{"subGenreId":"625","parentGenreId":"586","name":"folk punk"},{"subGenreId":"977","parentGenreId":"301","name":"electronica"},{"subGenreId":"408","parentGenreId":"404","name":"dj/producer - general"},{"subGenreId":"886","parentGenreId":"758","name":"celtic - general"},{"subGenreId":"1142","parentGenreId":"34","name":"music"},{"subGenreId":"1129","parentGenreId":"835","name":"contemporary classical music"},{"subGenreId":"45","parentGenreId":"45","name":"author - general"},{"subGenreId":"677","parentGenreId":"615","name":"crust punk"},{"subGenreId":"1130","parentGenreId":"676","name":"dance"},{"subGenreId":"872","parentGenreId":"741","name":"soul jazz"},{"subGenreId":"864","parentGenreId":"747","name":"folk-pop - general"},{"subGenreId":"417","parentGenreId":"412","name":"rap"},{"subGenreId":"1084","parentGenreId":"759","name":"groove metal"},{"subGenreId":"915","parentGenreId":"755","name":"psychedelic folk"},{"subGenreId":"1041","parentGenreId":"854","name":"comedian-rapper-producer - general"},{"subGenreId":"803","parentGenreId":"673","name":"melodic punk"},{"subGenreId":"1057","parentGenreId":"862","name":"blues - general"},{"subGenreId":"32","parentGenreId":"32","name":"comix - general"},{"subGenreId":"1046","parentGenreId":"759","name":"black metal"},{"subGenreId":"784","parentGenreId":"688","name":"rock \u0027n roll"},{"subGenreId":"1110","parentGenreId":"530","name":"detroit rap"},{"subGenreId":"941","parentGenreId":"754","name":"hard rock"},{"subGenreId":"704","parentGenreId":"638","name":"modern rock"},{"subGenreId":"1097","parentGenreId":"856","name":"folk"},{"subGenreId":"863","parentGenreId":"707","name":"gothic metal"},{"subGenreId":"1068","parentGenreId":"865","name":"country - general"},{"subGenreId":"750","parentGenreId":"676","name":"dance - general"},{"subGenreId":"1098","parentGenreId":"873","name":"americana - general"},{"subGenreId":"530","parentGenreId":"507","name":"90s rock"},{"subGenreId":"720","parentGenreId":"615","name":"garage punk"},{"subGenreId":"1094","parentGenreId":"861","name":"adult alternative"},{"subGenreId":"1149","parentGenreId":"806","name":"pop"},{"subGenreId":"653","parentGenreId":"609","name":"arena rock"},{"subGenreId":"1146","parentGenreId":"670","name":"39;s famed The Second City comedy improv group"},{"subGenreId":"880","parentGenreId":"756","name":"afropop - general"},{"subGenreId":"428","parentGenreId":"422","name":"banda - general"},{"subGenreId":"1109","parentGenreId":"878","name":"techno - general"},{"subGenreId":"779","parentGenreId":"678","name":"delta blues"},{"subGenreId":"1101","parentGenreId":"530","name":"hardcore rap"},{"subGenreId":"729","parentGenreId":"661","name":"reggae - general"},{"subGenreId":"990","parentGenreId":"823","name":"freak folk"},{"subGenreId":"893","parentGenreId":"591","name":"trance music"},{"subGenreId":"1026","parentGenreId":"806","name":"brazilian pop music"},{"subGenreId":"1063","parentGenreId":"806","name":"indie pop"},{"subGenreId":"737","parentGenreId":"664","name":"jazz fusion"},{"subGenreId":"874","parentGenreId":"753","name":"goregrind - general"},{"subGenreId":"835","parentGenreId":"732","name":"gospel - general"},{"subGenreId":"660","parentGenreId":"554","name":"eurodance"},{"subGenreId":"939","parentGenreId":"786","name":"dubstep - general"},{"subGenreId":"1","parentGenreId":"1","name":"dj - general"},{"subGenreId":"764","parentGenreId":"673","name":"anarcho-punk"},{"subGenreId":"680","parentGenreId":"625","name":"latin - general"},{"subGenreId":"921","parentGenreId":"742","name":"texas country"},{"subGenreId":"1020","parentGenreId":"759","name":"progressive metal"},{"subGenreId":"987","parentGenreId":"822","name":"jazz - general"},{"subGenreId":"746","parentGenreId":"672","name":"remix - general"},{"subGenreId":"682","parentGenreId":"627","name":"fusion - general"},{"subGenreId":"834","parentGenreId":"731","name":"drone - general"},{"subGenreId":"1141","parentGenreId":"865","name":"country"},{"subGenreId":"1028","parentGenreId":"34","name":"surf music"},{"subGenreId":"1145","parentGenreId":"822","name":"jazz"},{"subGenreId":"1039","parentGenreId":"1","name":"dj"},{"subGenreId":"136","parentGenreId":"136","name":"comedian - general"},{"subGenreId":"603","parentGenreId":"549","name":"funk rock"},{"subGenreId":"621","parentGenreId":"585","name":"cumbia - general"},{"subGenreId":"658","parentGenreId":"606","name":"vocal jazz"},{"subGenreId":"1151","parentGenreId":"644","name":"club"},{"subGenreId":"1011","parentGenreId":"840","name":"soundtrack - general"},{"subGenreId":"825","parentGenreId":"707","name":"thrash metal"},{"subGenreId":"933","parentGenreId":"754","name":"progressive rock"},{"subGenreId":"963","parentGenreId":"670","name":"stand-up comedy"},{"subGenreId":"866","parentGenreId":"749","name":"noise - general"},{"subGenreId":"1082","parentGenreId":"836","name":"space rock"},{"subGenreId":"1128","parentGenreId":"880","name":"singer-songwriter - general"},{"subGenreId":"951","parentGenreId":"754","name":"heavy rock"},{"subGenreId":"919","parentGenreId":"742","name":"country music"},{"subGenreId":"44","parentGenreId":"44","name":"dancer - general"},{"subGenreId":"1055","parentGenreId":"849","name":"progressive trance"},{"subGenreId":"666","parentGenreId":"610","name":"cello rock"},{"subGenreId":"870","parentGenreId":"661","name":"roots reggae"},{"subGenreId":"1126","parentGenreId":"627","name":"fusion"},{"subGenreId":"493","parentGenreId":"479","name":"50s - general"},{"subGenreId":"1072","parentGenreId":"867","name":"bluegrass - general"},{"subGenreId":"948","parentGenreId":"793","name":"electropop - general"},{"subGenreId":"925","parentGenreId":"774","name":"punk"},{"subGenreId":"684","parentGenreId":"629","name":"soul - general"},{"subGenreId":"1035","parentGenreId":"732","name":"gospel"},{"subGenreId":"913","parentGenreId":"754","name":"pop rock"},{"subGenreId":"992","parentGenreId":"826","name":"punk - general"},{"subGenreId":"1123","parentGenreId":"850","name":"indie"},{"subGenreId":"448","parentGenreId":"441","name":"progressive - general"},{"subGenreId":"1116","parentGenreId":"759","name":"death metal"},{"subGenreId":"39","parentGenreId":"39","name":"rapper - general"},{"subGenreId":"341","parentGenreId":"337","name":"jrock"},{"subGenreId":"433","parentGenreId":"427","name":"ska - general"},{"subGenreId":"829","parentGenreId":"603","name":"emo"},{"subGenreId":"560","parentGenreId":"535","name":"crunk - general"},{"subGenreId":"905","parentGenreId":"770","name":"70s - general"},{"subGenreId":"730","parentGenreId":"631","name":"house"},{"subGenreId":"1127","parentGenreId":"862","name":"blues"},{"subGenreId":"1093","parentGenreId":"870","name":"psychedelic - general"},{"subGenreId":"926","parentGenreId":"776","name":"downtempo - general"},{"subGenreId":"464","parentGenreId":"437","name":"synthpop"},{"subGenreId":"1104","parentGenreId":"876","name":"post-hardcore - general"},{"subGenreId":"1066","parentGenreId":"864","name":"grindcore - general"},{"subGenreId":"718","parentGenreId":"652","name":"opera - general"},{"subGenreId":"644","parentGenreId":"604","name":"90s - general"},{"subGenreId":"891","parentGenreId":"761","name":"chiptune - general"},{"subGenreId":"733","parentGenreId":"653","name":"modern jazz"},{"subGenreId":"940","parentGenreId":"787","name":"flamenco - general"},{"subGenreId":"867","parentGenreId":"750","name":"nwobhm - general"},{"subGenreId":"715","parentGenreId":"615","name":"horror punk"},{"subGenreId":"802","parentGenreId":"707","name":"power metal"},{"subGenreId":"922","parentGenreId":"754","name":"alternative rock"},{"subGenreId":"900","parentGenreId":"741","name":"mainstream jazz"},{"subGenreId":"659","parentGenreId":"606","name":"jazz piano"},{"subGenreId":"1042","parentGenreId":"855","name":"avant-garde - general"},{"subGenreId":"692","parentGenreId":"614","name":"gypsy jazz"},{"subGenreId":"1040","parentGenreId":"853","name":"rockabilly - general"},{"subGenreId":"1036","parentGenreId":"441","name":"progressive"},{"subGenreId":"656","parentGenreId":"610","name":"rockabilly"},{"subGenreId":"827","parentGenreId":"727","name":"break - general"},{"subGenreId":"1124","parentGenreId":"611","name":"funk"},{"subGenreId":"738","parentGenreId":"587","name":"noise rock"},{"subGenreId":"877","parentGenreId":"745","name":"heartland rock"},{"subGenreId":"876","parentGenreId":"703","name":"chicago house"},{"subGenreId":"1038","parentGenreId":"806","name":"british pop"},{"subGenreId":"31","parentGenreId":"31","name":"swing - general"},{"subGenreId":"1083","parentGenreId":"836","name":"piano rock"},{"subGenreId":"810","parentGenreId":"715","name":"lo-fi - general"},{"subGenreId":"1108","parentGenreId":"836","name":"indie rock"},{"subGenreId":"843","parentGenreId":"733","name":"southern rock"},{"subGenreId":"1056","parentGenreId":"759","name":"melodic death metal"},{"subGenreId":"873","parentGenreId":"732","name":"gospel choir"},{"subGenreId":"486","parentGenreId":"474","name":"roots - general"},{"subGenreId":"967","parentGenreId":"806","name":"pop - general"},{"subGenreId":"550","parentGenreId":"451","name":"latin"},{"subGenreId":"1023","parentGenreId":"848","name":"metalcore - general"},{"subGenreId":"1102","parentGenreId":"875","name":"http://www.myspace.com/oyasaba - general"},{"subGenreId":"1073","parentGenreId":"759","name":"sludge metal"},{"subGenreId":"1099","parentGenreId":"874","name":"alternative - general"},{"subGenreId":"1106","parentGenreId":"877","name":"brutal death metal"},{"subGenreId":"1033","parentGenreId":"836","name":"garage rock"},{"subGenreId":"1150","parentGenreId":"759","name":"metal"},{"subGenreId":"1070","parentGenreId":"866","name":"synthpop - general"},{"subGenreId":"616","parentGenreId":"545","name":"post-punk"},{"subGenreId":"837","parentGenreId":"734","name":"Let\u0026 - general"},{"subGenreId":"697","parentGenreId":"44","name":"dancer"},{"subGenreId":"910","parentGenreId":"678","name":"electric blues"},{"subGenreId":"763","parentGenreId":"679","name":"melodic rock"},{"subGenreId":"1001","parentGenreId":"835","name":"classical - general"},{"subGenreId":"410","parentGenreId":"406","name":"disco - general"},{"subGenreId":"34","parentGenreId":"34","name":"music - general"},{"subGenreId":"911","parentGenreId":"772","name":"house - general"},{"subGenreId":"732","parentGenreId":"657","name":"stoner rock"},{"subGenreId":"0","parentGenreId":"0","name":" - general"},{"subGenreId":"1075","parentGenreId":"43","name":"singer"},{"subGenreId":"634","parentGenreId":"594","name":"free jazz"},{"subGenreId":"1085","parentGenreId":"869","name":"alternative hip hop"},{"subGenreId":"57","parentGenreId":"57","name":"vocalist - general"},{"subGenreId":"1105","parentGenreId":"835","name":"classical"},{"subGenreId":"788","parentGenreId":"704","name":"singer/songwriter - general"},{"subGenreId":"1136","parentGenreId":"39","name":"rapper"},{"subGenreId":"1122","parentGenreId":"836","name":"rock"},{"subGenreId":"7","parentGenreId":"7","name":"d.j - general"},{"subGenreId":"708","parentGenreId":"644","name":"club - general"},{"subGenreId":"923","parentGenreId":"741","name":"avant-garde jazz"},{"subGenreId":"1125","parentGenreId":"872","name":"electronic"},{"subGenreId":"688","parentGenreId":"614","name":"latin jazz"},{"subGenreId":"1031","parentGenreId":"759","name":"heavy metal"},{"subGenreId":"43","parentGenreId":"43","name":"singer - general"},{"subGenreId":"858","parentGenreId":"673","name":"new york punk"},{"subGenreId":"22","parentGenreId":"22","name":"bass - general"},{"subGenreId":"648","parentGenreId":"606","name":"jazz vocal"},{"subGenreId":"661","parentGenreId":"611","name":"funk - general"},{"subGenreId":"907","parentGenreId":"678","name":"acoustic blues"},{"subGenreId":"1096","parentGenreId":"872","name":"electronic - general"},{"subGenreId":"885","parentGenreId":"757","name":"shoegaze - general"},{"subGenreId":"1025","parentGenreId":"850","name":"indie - general"},{"subGenreId":"1095","parentGenreId":"871","name":"rock/alternative/experimental - general"},{"subGenreId":"904","parentGenreId":"742","name":"country rock"},{"subGenreId":"1086","parentGenreId":"865","name":"contemporary country"},{"subGenreId":"1032","parentGenreId":"759","name":"speed metal"},{"subGenreId":"969","parentGenreId":"629","name":"neo soul"},{"subGenreId":"908","parentGenreId":"771","name":"breakbeat - general"},{"subGenreId":"924","parentGenreId":"754","name":"psychedelic rock"},{"subGenreId":"1002","parentGenreId":"836","name":"rock - general"},{"subGenreId":"744","parentGenreId":"670","name":"comedy - general"},{"subGenreId":"945","parentGenreId":"790","name":"hardcore - general"},{"subGenreId":"1133","parentGenreId":"759","name":"ambient black metal"},{"subGenreId":"1047","parentGenreId":"856","name":"folk - general"},{"subGenreId":"1027","parentGenreId":"851","name":"r\u0026b - general"},{"subGenreId":"965","parentGenreId":"781","name":"contemporary jazz"},{"subGenreId":"1006","parentGenreId":"826","name":"pop punk"},{"subGenreId":"701","parentGenreId":"615","name":"german punk"},{"subGenreId":"1134","parentGenreId":"881","name":"http://www.myspace.com/danceswithwhitegirls - general"},{"subGenreId":"1012","parentGenreId":"841","name":"gothic - general"},{"subGenreId":"985","parentGenreId":"670","name":"comedy"},{"subGenreId":"1118","parentGenreId":"474","name":"roots"},{"subGenreId":"731","parentGenreId":"662","name":"jrock - general"},{"subGenreId":"887","parentGenreId":"759","name":"metal - general"},{"subGenreId":"122","parentGenreId":"122","name":"00s - general"},{"subGenreId":"903","parentGenreId":"729","name":"dark ambient"},{"subGenreId":"25","parentGenreId":"25","name":"comic - general"},{"subGenreId":"881","parentGenreId":"754","name":"art rock"},{"subGenreId":"865","parentGenreId":"748","name":"screamo - general"},{"subGenreId":"482","parentGenreId":"471","name":"(hysterical) - general"},{"subGenreId":"1121","parentGenreId":"629","name":"soul"},{"subGenreId":"1024","parentGenreId":"849","name":"trance - general"},{"subGenreId":"1115","parentGenreId":"879","name":"ambient - general"},{"subGenreId":"1074","parentGenreId":"843","name":"psychedelic pop"},{"subGenreId":"9","parentGenreId":"9","name":"sax - general"},{"subGenreId":"127","parentGenreId":"127","name":"60s - general"},{"subGenreId":"1144","parentGenreId":"836","name":"Female fronted rock band who\u0026"},{"subGenreId":"643","parentGenreId":"603","name":"emo - general"},{"subGenreId":"767","parentGenreId":"688","name":"college rock"},{"subGenreId":"1120","parentGenreId":"822","name":"new orleans jazz"},{"subGenreId":"443","parentGenreId":"136","name":"comedian"},{"subGenreId":"1119","parentGenreId":"34","name":"children music"},{"subGenreId":"657","parentGenreId":"589","name":"metalcore"},{"subGenreId":"458","parentGenreId":"450","name":"80s - general"},{"subGenreId":"952","parentGenreId":"794","name":"dream pop"},{"subGenreId":"833","parentGenreId":"673","name":"hardcore punk"},{"subGenreId":"668","parentGenreId":"610","name":"roots rock"},{"subGenreId":"1037","parentGenreId":"34","name":"gypsy music"},{"subGenreId":"906","parentGenreId":"768","name":"uk hardcore"},{"subGenreId":"1137","parentGenreId":"793","name":"electropop"},{"subGenreId":"1081","parentGenreId":"57","name":"vocalist"},{"subGenreId":"1135","parentGenreId":"790","name":"hardcore"},{"subGenreId":"710","parentGenreId":"637","name":"smooth jazz"},{"subGenreId":"994","parentGenreId":"828","name":"symphony - general"},{"subGenreId":"1147","parentGenreId":"874","name":"alternative"},{"subGenreId":"909","parentGenreId":"754","name":"glam rock"},{"subGenreId":"1060","parentGenreId":"836","name":"polish rock"},{"subGenreId":"883","parentGenreId":"754","name":"folk rock"},{"subGenreId":"685","parentGenreId":"630","name":"dub - general"},{"subGenreId":"669","parentGenreId":"607","name":"indie folk"},{"subGenreId":"555","parentGenreId":"530","name":"rap - general"},{"subGenreId":"812","parentGenreId":"717","name":"electro - general"},{"subGenreId":"698","parentGenreId":"620","name":"blues-rock"}]