[{"name":"Continental","venueId":"V0-001-000888871-3","address":"25 Third Avenue","city":"New York","country":"United States","latitude":40.729617,"longitude":-73.989493},{"name":"Community Church of New York","venueId":"V0-001-001197891-9","address":"40 East 35th Street","city":"New York","country":"United States","latitude":40.7482067,"longitude":-73.9819816},{"name":"Anyway Cafe","venueId":"V0-001-001257091-8","address":"3234 E 2Nd Street","city":"New York","country":"United States","latitude":40.58654,"longitude":-73.9674957},{"name":"Barney McNabbs","venueId":"V0-001-000939118-0","address":"600 Tuckahoe Avenue","city":"Yonkers","country":"United States","latitude":40.9534806,"longitude":-73.845739},{"name":"DROM","venueId":"V0-001-000557367-0","address":"85 Avenue A (between 5th and 6th)","city":"New York","country":"United States","latitude":40.725358,"longitude":-73.98443},{"name":"Motor City","venueId":"V0-001-000494331-3","address":"127 Ludlow","city":"New York","country":"United States","latitude":40.7199337,"longitude":-73.9885435},{"name":"Broadway Comedy Club","venueId":"V0-001-000296703-6","address":"318 West 53rd Street","city":"New York","country":"United States","latitude":40.7645442,"longitude":-73.9856693},{"name":"fat cat (Music NYC)","venueId":"V0-001-000501580-2","address":"75 Christopher Street","city":"New York","country":"United States","latitude":40.7335672,"longitude":-74.0032056},{"name":"Iridium Jazz Club","venueId":"V0-001-002344925-2","address":"1650 Broadway","city":"New York","country":"United States","latitude":40.7741377,"longitude":-73.9887045},{"name":"Spin New York","venueId":"V0-001-002971893-2","address":"48 E. 23rd St. (Between Park and Madison Ave.)","city":"New York","country":"United States","latitude":40.8146908,"longitude":-73.9345503},{"name":"STUDIOSQUARE","venueId":"V0-001-002488079-3","address":"35-33 36th Street","city":"Astoria","country":"United States","latitude":40.754703,"longitude":-73.9248093},{"name":"Bar Chord","venueId":"V0-001-007198979-7","address":"1008 Cortelyou Rd","city":"Brooklyn","country":"United States","latitude":40.639153,"longitude":-73.968396},{"name":"Elastic Beatz Radio","venueId":"V0-001-007657924-9","address":"","city":"New York","country":"United States","latitude":40.7142,"longitude":-74.0064},{"name":"AJ\u0027s Go-Go Lounge","venueId":"V0-001-000894715-9","address":"201 Secaucus Road","city":"Secaucus","country":"United States","latitude":40.7701293,"longitude":-74.0577644},{"name":"Eastchester Inn","venueId":"V0-001-006458067-7","address":"","city":"Eastchester","country":"United States","latitude":40.9501246,"longitude":-73.8187435},{"name":"Wellmont Theatre","venueId":"V0-001-001508973-6","address":"5 Seymour Street","city":"Montclair","country":"United States","latitude":40.812646,"longitude":-74.2167},{"name":"LaunchPad","venueId":"V0-001-004432832-5","address":"721 Franklin Ave","city":"Brooklyn","country":"United States","latitude":40.67378,"longitude":-73.956505},{"name":"SubCulture","venueId":"V0-001-007487458-4","address":"45 Bleecker Street","city":"New York","country":"United States","latitude":40.7264,"longitude":-73.998},{"name":"49 Grove Prive","venueId":"V0-001-000448738-5","address":"49 Grove Street (bet Bleeker and Seventh Avenue South)","city":"New York","country":"United States","latitude":40.7332033,"longitude":-74.0030456},{"name":"Hank\u0027s Saloon","venueId":"V0-001-000502098-3","address":"46 Third Avenue","city":"Brooklyn","country":"United States","latitude":40.6852513,"longitude":-73.9809956},{"name":"City University of New York Queens College","venueId":"V0-001-000326310-4","address":"65-30 Kissena Blvd.","city":"Flushing","country":"United States","latitude":40.7366327,"longitude":-73.818871},{"name":"Flute East","venueId":"V0-001-007355703-3","address":"303 E 53rd St","city":"New York","country":"United States","latitude":40.759,"longitude":-73.968},{"name":"Hotel Chantelle","venueId":"V0-001-004778127-9","address":"92 Ludlow Street (between Delancey Street \u0026 Broome Street)","city":"New York","country":"United States","latitude":40.7195252,"longitude":-73.9945445},{"name":"LIC Bar","venueId":"V0-001-001492553-8","address":"45-58 Vernon Boulevard","city":"Long Island City","country":"United States","latitude":40.7470042,"longitude":-73.9528534},{"name":"Bianco Ultra Lounge","venueId":"V0-001-001383489-5","address":"573 Nesconset Highway","city":"New York","country":"United States","latitude":40.8453162,"longitude":-73.1733885},{"name":"Red Oak Grille","venueId":"V0-001-003763227-5","address":"579 Allen Rd","city":"Basking Ridge","country":"United States","latitude":40.6562606,"longitude":-74.6198745},{"name":"Mexicali Live","venueId":"V0-001-000167548-4","address":"1409 Queen Anne Road","city":"Teaneck","country":"United States","latitude":40.9017006,"longitude":-74.0049746},{"name":"Smoke","venueId":"V0-001-000229388-9","address":"2751 Broadway","city":"New York","country":"United States","latitude":40.8011433,"longitude":-73.9680565},{"name":"Iona College","venueId":"V0-001-000325170-1","address":"715 North Ave","city":"New Rochelle","country":"United States","latitude":40.9261162,"longitude":-73.7874485},{"name":"United Palace","venueId":"V0-001-000600280-5","address":"4140 Broadway at 175th Street","city":"New York","country":"United States","latitude":40.846524,"longitude":-73.9382409},{"name":"The Underground Lounge","venueId":"V0-001-001257014-9","address":"955 West End Avenue","city":"New York","country":"United States","latitude":40.8022867,"longitude":-73.9682891},{"name":"Drom Bar \u0026 Restaurant","venueId":"V0-001-005128798-3","address":"85 Avenue A","city":"New York","country":"United States","latitude":40.725358,"longitude":-73.98443},{"name":"LAVO NY","venueId":"V0-001-004609394-6","address":"39 E 58th St","city":"New York","country":"United States","latitude":40.762828,"longitude":-73.9714827},{"name":"West Bank Cafe","venueId":"V0-001-000901276-0","address":"407 West 42nd Street at Ninth Avenue","city":"New York","country":"United States","latitude":40.7587609,"longitude":-73.9929822},{"name":"Metropolitan Room","venueId":"V0-001-000967240-1","address":"34 West 22nd Street","city":"New York","country":"United States","latitude":40.741462,"longitude":-73.992067},{"name":"Club house sports bar","venueId":"V0-001-007634079-9","address":"17 Williams ave","city":"Brooklyn","country":"United States","latitude":40.6702,"longitude":-73.8944},{"name":"The Stone Turtle","venueId":"V0-001-004319435-0","address":"4160 Austin Boulevard","city":"Island Park","country":"United States","latitude":40.607967,"longitude":-73.648},{"name":"Unitarian Universalist Congregation of Central Nassau","venueId":"V0-001-000362271-4","address":"The Garden Stage @ UUCCN 223 Stewart Ave.","city":"Garden City","country":"United States","latitude":40.7247731,"longitude":-73.6616067},{"name":"The Turning Point","venueId":"V0-001-001363911-1","address":"468 Piermont Avenue","city":"Piermont","country":"United States","latitude":41.0400599,"longitude":-73.916421},{"name":"55 Bar","venueId":"V0-001-000167494-4","address":"55 Christopher St.","city":"New York","country":"United States","latitude":40.7337681,"longitude":-74.0022263},{"name":"Village Vanguard","venueId":"V0-001-000966595-1","address":"178 Seventh Avenue South","city":"New York","country":"United States","latitude":40.7360303,"longitude":-74.0016865},{"name":"Pyramid","venueId":"V0-001-000229377-3","address":"101 Avenue A","city":"New York","country":"United States","latitude":40.725845,"longitude":-73.984049},{"name":"THE VAGABOND CAFE","venueId":"V0-001-004872104-3","address":"7 Cornelia St","city":"New York","country":"United States","latitude":40.7317698,"longitude":-74.001698},{"name":"The Grand Victory","venueId":"V0-001-004662945-9","address":"245 Grand St","city":"Brooklyn","country":"United States","latitude":40.7136447,"longitude":-73.9587493},{"name":"54 Below NYC","venueId":"V0-001-006880668-9","address":"","city":"New York","country":"United States","latitude":40.7659,"longitude":-73.985},{"name":"olives","venueId":"V0-001-001703894-9","address":"118 Main Street","city":"Nyack","country":"United States","latitude":41.0914422,"longitude":-73.920381},{"name":"Galeria West","venueId":"V0-001-003867196-1","address":"111 Quimby Street","city":"Westfield","country":"United States","latitude":40.65109,"longitude":-74.3472589},{"name":"Silvana\u0027s","venueId":"V0-001-007505053-4","address":"","city":"New York","country":"United States","latitude":40.7142,"longitude":-74.0064},{"name":"THE BITTER END","venueId":"V0-001-005883103-9","address":"147 Bleecker Street","city":"New York","country":"United States","latitude":40.72833793478125,"longitude":-73.99932892394258},{"name":"Ginny\u0027s Supper Club","venueId":"V0-001-006170349-9","address":"310 Lenox Ave","city":"New York","country":"United States","latitude":40.8080597,"longitude":-73.9449395},{"name":"Brooklyn Academy of Music","venueId":"V0-001-001084475-8","address":"30 Lafayette Avenue","city":"New York","country":"United States","latitude":40.686853,"longitude":-73.9777766},{"name":"Bar Next Door at La Lanterna di Vittorio","venueId":"V0-001-000887742-5","address":"131 MacDougal Street","city":"New York","country":"United States","latitude":40.7308023,"longitude":-74.000085},{"name":"Rockwood Music Hall","venueId":"V0-001-001015033-0","address":"196 Allen Street","city":"New York","country":"United States","latitude":40.722482,"longitude":-73.9886929},{"name":"Global Mixx Radio","venueId":"V0-001-007147447-1","address":"","city":"New York","country":"United States","latitude":40.7142,"longitude":-74.0064},{"name":"Camaradas El Barrio","venueId":"V0-001-000300130-0","address":"2241 First Ave","city":"New York","country":"United States","latitude":40.7955789,"longitude":-73.936071},{"name":"Molly Maguires at Black Point Inn","venueId":"V0-001-006150388-0","address":"132 E River Rd","city":"Rumson","country":"United States","latitude":40.372298,"longitude":-73.999503},{"name":"Willie McBride\u0027s","venueId":"V0-001-000272561-6","address":"616 Grand Street","city":"Hoboken","country":"United States","latitude":40.745085652028685,"longitude":-74.03445340363544},{"name":"Tim Kerwin\u0027s Tavern","venueId":"V0-001-001336565-0","address":"353 Bound Brook Road","city":"Middlesex","country":"United States","latitude":40.5844569,"longitude":-74.4821572},{"name":"Jeffrey\u0027s of Westfield Restaurant \u0026 Bar","venueId":"V0-001-006705138-9","address":"114 Central Avenue Westfield, NJ 07090","city":"Westfield","country":"United States","latitude":40.6518516,"longitude":-74.3472769},{"name":"Manhattan Inn","venueId":"V0-001-004783796-7","address":"632 Manhattan Ave","city":"Brooklyn","country":"United States","latitude":40.724022,"longitude":-73.950664},{"name":"Brooklyn Bowl","venueId":"V0-001-002426931-6","address":"61 Wythe Ave","city":"Brooklyn","country":"United States","latitude":40.7218943,"longitude":-73.957392},{"name":"Downtown Music Gallery","venueId":"V0-001-003094455-1","address":"13 Monroe St","city":"New York","country":"United States","latitude":40.711671,"longitude":-73.995938},{"name":"Baby\u0027s All Right","venueId":"V0-001-007373995-6","address":"146 Broadway","city":"New York","country":"United States","latitude":40.7142,"longitude":-74.0064},{"name":"The Chubby Pickle Sports Bar and Grill","venueId":"V0-001-006036311-5","address":"23 Bay Ave","city":"Highlands","country":"United States","latitude":40.398003,"longitude":-73.982774},{"name":"Jazz at the Kitano","venueId":"V0-001-006116105-5","address":"66 Park Avenue","city":"New York","country":"United States","latitude":40.74957963509478,"longitude":-73.97996195337294},{"name":"Morristown Unitarian Fellowship","venueId":"V0-001-000213346-2","address":"21 Normandy Heights Road","city":"Morristown","country":"United States","latitude":40.795317,"longitude":-74.445465},{"name":"Front Row Cube","venueId":"V0-001-007691726-3","address":"Fulton Street at South Street Seaport","city":"New York","country":"United States","latitude":40.7142,"longitude":-74.0064},{"name":"Mineola Memorial Library","venueId":"V0-001-000231372-1","address":"195 Marcellus Road","city":"Mineola","country":"United States","latitude":40.7431196,"longitude":-73.6457519},{"name":"Smalls Jazz Club","venueId":"V0-001-003028287-7","address":"183 West Tenth Street","city":"New York","country":"United States","latitude":40.7342711,"longitude":-74.0029268},{"name":"Crescent Lounge","venueId":"V0-001-004709710-7","address":"35-05 Crescent St","city":"Astoria","country":"United States","latitude":40.759416,"longitude":-73.931888},{"name":"Apollo Theater","venueId":"V0-001-000435239-9","address":"253 West 125th Street","city":"New York","country":"United States","latitude":40.809765,"longitude":-73.94994},{"name":"Paddy Reilly\u0027s Music Bar","venueId":"V0-001-000160173-5","address":"519 2nd Ave (at 29th Street)","city":"New York","country":"United States","latitude":40.741575,"longitude":-73.978323},{"name":"Westway","venueId":"V0-001-005619395-3","address":"75 Clarkson St","city":"New York","country":"United States","latitude":40.7298843,"longitude":-74.0101032},{"name":"The Bowery Ballroom","venueId":"V0-001-001466271-8","address":"6 Delancey Street","city":"New York","country":"United States","latitude":40.720364,"longitude":-73.993542},{"name":"Lucky Cheng\u0027s","venueId":"V0-001-000888816-6","address":"24 First Avenue","city":"New York","country":"United States","latitude":40.723591,"longitude":-73.987807},{"name":"Hotel Victor Bar and Grill","venueId":"V0-001-006812747-6","address":"77 Hudson St","city":"Hoboken","country":"United States","latitude":40.736112,"longitude":-74.029874},{"name":"BlackThorn51","venueId":"V0-001-007538152-2","address":"Queens Blvd","city":"Elmhurst","country":"United States","latitude":40.7351,"longitude":-73.8775},{"name":"Robert Treat Hotel","venueId":"V0-001-001150419-4","address":"50 Park Place","city":"Newark","country":"United States","latitude":40.7395965,"longitude":-74.1677309},{"name":"NYCB Theatre at Westbury","venueId":"V0-001-001127507-0","address":"960 Brush Hollow Road","city":"Westbury","country":"United States","latitude":40.7733768,"longitude":-73.5585732},{"name":"CLUB GLAZZ","venueId":"V0-001-006251479-5","address":"79-51 ALBION AVE","city":"Elmhurst","country":"United States","latitude":40.7392309,"longitude":-73.884613},{"name":"Union Pool","venueId":"V0-001-001124930-3","address":"484 Union Street","city":"Brooklyn","country":"United States","latitude":40.6792139,"longitude":-73.987716},{"name":"Millennium Broadway Hotel","venueId":"V0-001-000151053-0","address":"145 West 44th Street","city":"New York","country":"United States","latitude":40.7569402,"longitude":-73.9848717},{"name":"Lit","venueId":"V0-001-000886792-3","address":"93 Second Avenue","city":"New York","country":"United States","latitude":40.727198,"longitude":-73.989096},{"name":"Le Pescadeux Restaurant","venueId":"V0-001-003618622-9","address":"90 Thompson St","city":"New York","country":"United States","latitude":40.725135,"longitude":-74.002087},{"name":"Ray Smith Studio","venueId":"V0-001-006476098-1","address":"261 Bond Street","city":"Brooklyn","country":"United States","latitude":40.6811889,"longitude":-73.9884046},{"name":"American Trash","venueId":"V0-001-000888761-7","address":"1471 First Avenue","city":"New York","country":"United States","latitude":40.7709059,"longitude":-73.954087},{"name":"Matchless","venueId":"V0-001-000403148-7","address":"557 Manhattan Avenue","city":"Brooklyn","country":"United States","latitude":40.7221923,"longitude":-73.9499239},{"name":"Mulcahys","venueId":"V0-001-005784055-3","address":"Railroad Ave","city":"Wantagh","country":"United States","latitude":40.672865,"longitude":-73.50889},{"name":"watchung Arts Center","venueId":"V0-001-000200586-8","address":"18 Stirling Road","city":"Watchung","country":"United States","latitude":40.6374525,"longitude":-74.45058},{"name":"Greenwich Village Country Club","venueId":"V0-001-005727093-0","address":"110 University Place","city":"New York","country":"United States","latitude":40.7343513,"longitude":-73.9925862},{"name":"Shortways Barn","venueId":"V0-001-002038745-6","address":"Goffle Rd","city":"Hawthorne","country":"United States","latitude":40.9530826,"longitude":-74.1632297},{"name":"Bar Catalonia","venueId":"V0-001-007030195-6","address":"206 West 41st Street","city":"New York","country":"United States","latitude":40.755396,"longitude":-73.988097},{"name":"Miles\u0027 Cafe","venueId":"V0-001-004093441-0","address":"212 E. 52nd St.","city":"New York","country":"United States","latitude":40.7566522,"longitude":-73.9691099},{"name":"Saint Vitus","venueId":"V0-001-005033783-8","address":"1120 Manhattan Avenue","city":"Brooklyn","country":"United States","latitude":40.73690121213037,"longitude":-73.95518709573554},{"name":"Gramercy Tavern","venueId":"V0-001-000888697-3","address":"42 E 20th Street","city":"New York","country":"United States","latitude":40.7385408,"longitude":-73.9885045},{"name":"M Lounge","venueId":"V0-001-007229987-7","address":"15 Grand Ave Palisades Park, NJ 07650","city":"Palisades Park","country":"United States","latitude":40.8461,"longitude":-73.9952},{"name":"Apples","venueId":"V0-001-000378360-8","address":"104 North 10th Street","city":"Kenilworth","country":"United States","latitude":40.677442,"longitude":-74.301918},{"name":"Lovin\u0027 Cup","venueId":"V0-001-002054461-7","address":"93 North Sixth Street","city":"Brooklyn","country":"United States","latitude":40.7185109,"longitude":-73.960311},{"name":"Choga","venueId":"V0-001-007571515-4","address":"145 Bleecker Street #2","city":"New York","country":"United States","latitude":40.7264,"longitude":-73.998},{"name":"Oh\u0027 Brian\u0027s on the Green","venueId":"V0-001-007582725-5","address":"1300 Raritan Road","city":"Clark","country":"United States","latitude":40.6224,"longitude":-74.3124},{"name":"Old Bay, The","venueId":"V0-001-001347638-1","address":"63 Church Street","city":"New Brunswick","country":"United States","latitude":40.4962247,"longitude":-74.4423471},{"name":"People\u0027s Improv Theater","venueId":"V0-001-000253535-0","address":"123 E 24th St","city":"New York","country":"United States","latitude":40.7405328,"longitude":-73.9847511},{"name":"Le Pescadaeux","venueId":"V0-001-007664964-5","address":"","city":"New York","country":"United States","latitude":40.7142,"longitude":-74.0064},{"name":"Blue Note","venueId":"V0-001-000229386-1","address":"131 W Third Street","city":"New York","country":"United States","latitude":40.7309012,"longitude":-74.000634},{"name":"Ukrainian Museum","venueId":"V0-001-000159193-3","address":"222 East 6th Street (bet. 2nd and 3rd Aves.)","city":"New York","country":"United States","latitude":40.7319,"longitude":-73.9899},{"name":"Montclair State University","venueId":"V0-001-000325778-7","address":"1 Normal Avenue","city":"Montclair","country":"United States","latitude":40.857374,"longitude":-74.21132},{"name":"Andy\u0027s apartment","venueId":"V0-001-007584248-5","address":"910 Riverside Drive","city":"New York","country":"United States","latitude":40.8399,"longitude":-73.9422},{"name":"One 18","venueId":"V0-001-007577505-9","address":"","city":"Newark","country":"United States","latitude":40.7356,"longitude":-74.1728},{"name":"Mayo Performing Arts Center","venueId":"V0-001-000724085-5","address":"100 South Street","city":"Morristown","country":"United States","latitude":40.794271,"longitude":-74.47796},{"name":"Sheraton Newark Airport Hotel","venueId":"V0-001-005713003-0","address":"128 Frontage Road","city":"Newark","country":"United States","latitude":40.7124681,"longitude":-74.1643822},{"name":"Ruthie\u0027s BBQ \u0026 Pizza","venueId":"V0-001-004361061-8","address":"","city":"Montclair","country":"United States","latitude":40.821072,"longitude":-74.209584},{"name":"The Cutting Room","venueId":"V0-001-006461917-3","address":"44E.32ndStreet","city":"New York","country":"United States","latitude":40.7655317,"longitude":-73.9216406},{"name":"City Winery - New York","venueId":"V0-001-001623296-4","address":"155 Varick Street","city":"New York","country":"United States","latitude":40.7262965,"longitude":-74.0059827},{"name":"Plymouth Church","venueId":"V0-001-006966871-2","address":"57 Orange Street","city":"Brooklyn","country":"United States","latitude":40.6942,"longitude":-73.9906},{"name":"The Song Box","venueId":"V0-001-002133054-3","address":"","city":"Seaford","country":"United States","latitude":40.6735,"longitude":-73.4932},{"name":"Jazz Standard","venueId":"V0-001-000966599-7","address":"116 East 27th Street","city":"New York","country":"United States","latitude":40.742158,"longitude":-73.9838259},{"name":"Sunset Grill","venueId":"V0-001-000466172-9","address":"4068 Sunrise Highway","city":"Seaford","country":"United States","latitude":40.6751108,"longitude":-73.4819052},{"name":"Starving Artist Cafe","venueId":"V0-001-000251541-7","address":"249 City Island Avenue","city":"New York","country":"United States","latitude":40.845403,"longitude":-73.7860479},{"name":"Garcia\u0027s at The Capitol Theatre","venueId":"V0-001-006959967-0","address":"145 Westchester Avenue","city":"Port Chester","country":"United States","latitude":41.001401,"longitude":-73.665246},{"name":"Blue Moon Mexican Cafe","venueId":"V0-001-001483612-8","address":"327 Franklin Avenue","city":"Wyckoff","country":"United States","latitude":41.012022,"longitude":-74.1672339},{"name":"The Trash Bar","venueId":"V0-001-000208921-3","address":"256 Grand Street","city":"Brooklyn","country":"United States","latitude":40.713244,"longitude":-73.958879},{"name":"Shanghai Jazz","venueId":"V0-001-000548327-0","address":"28 Main Street","city":"Madison","country":"United States","latitude":40.7596517,"longitude":-74.4164419},{"name":"Tarrytown Music Hall","venueId":"V0-001-000931479-2","address":"Broadway and Main Street","city":"Tarrytown","country":"United States","latitude":41.076263,"longitude":-73.8583443},{"name":"Birdland","venueId":"V0-001-000229385-2","address":"315 W 44th Street","city":"New York","country":"United States","latitude":40.7590748,"longitude":-73.9895553},{"name":"Rubin Museum of Art","venueId":"V0-001-005507408-6","address":"150 West 17th Street","city":"New York","country":"United States","latitude":40.7401243,"longitude":-73.997699},{"name":"Atlantic Terminal LIRR, Brooklyn","venueId":"V0-001-004418350-0","address":"","city":"Brooklyn","country":"United States","latitude":40.681,"longitude":-73.9805},{"name":"Tba","venueId":"V0-001-000403468-8","address":"50th and Ninth ave","city":"New York","country":"United States","latitude":40.7634827,"longitude":-73.9889542},{"name":"United Methodist Church","venueId":"V0-001-000222066-1","address":"250 Bryant Avenue","city":"White Plains","country":"United States","latitude":41.022394,"longitude":-73.7468169},{"name":"TBA","venueId":"V0-001-006815291-3","address":"434 Dewitt Avenue","city":"Brooklyn","country":"United States","latitude":40.6568608,"longitude":-73.8939925},{"name":"Producers Club II Theater","venueId":"V0-001-000550806-5","address":"358 West 44th Street between Eighth and Ninth Avenue","city":"New York","country":"United States","latitude":40.8232394,"longitude":-73.8107156},{"name":"Friends and Lovers: Backroom","venueId":"V0-001-007481818-0","address":"641 Classon Ave","city":"Brooklyn","country":"United States","latitude":40.6764,"longitude":-73.9641},{"name":"Gussy\u0027 Bar","venueId":"V0-001-006698131-1","address":"20-14 29th Street","city":"Astoria","country":"United States","latitude":40.780184,"longitude":-73.9078379},{"name":"Greenwich Village Bistro","venueId":"V0-001-000424005-8","address":"13 Carmine Street","city":"New York","country":"United States","latitude":40.7304844,"longitude":-74.0023439},{"name":"Santos Party House","venueId":"V0-001-001491699-2","address":"96 Lafayette Street","city":"New York","country":"United States","latitude":40.7176003,"longitude":-74.0013201},{"name":"Shrine","venueId":"V0-001-000480783-5","address":"2271 Adam Clayton Powell Blvd(7th Ave)","city":"New York","country":"United States","latitude":40.8143248,"longitude":-73.9442824},{"name":"Kaufmann Concert Hall","venueId":"V0-001-001302556-7","address":"92nd Street","city":"New York","country":"United States","latitude":40.7826266,"longitude":-73.951197},{"name":"Maplewood Performing Arts Theater","venueId":"V0-001-002155251-6","address":"2100 White Bear Avenue","city":"Maplewood","country":"United States","latitude":40.7436552,"longitude":-74.2855632},{"name":"Brooklyn Conservatory of Music","venueId":"V0-001-000924167-2","address":"58 Seventh Avenue","city":"Brooklyn","country":"United States","latitude":40.675959,"longitude":-73.974774},{"name":"The Jazz Gallery","venueId":"V0-001-006644283-0","address":"1160 BROADWAY, 5TH FLOOR","city":"New York","country":"United States","latitude":40.7446764,"longitude":-73.9887154},{"name":"Pierre Loti","venueId":"V0-001-005941071-8","address":"258 WEST 15TH STREET Between 7th and 8th Avenues","city":"New York","country":"United States","latitude":40.7142,"longitude":-74.0064},{"name":"Glasslands Gallery","venueId":"V0-001-000481198-0","address":"289 Kent Avenue","city":"Brooklyn","country":"United States","latitude":40.7151267,"longitude":-73.9664837},{"name":"Fat Cat with Negroni\u0027s Trio","venueId":"V0-001-007681932-3","address":"75 Christopher St.","city":"New York","country":"United States","latitude":40.7142,"longitude":-74.0064},{"name":"Leftfield","venueId":"V0-001-006543879-7","address":"87 Ludlow St","city":"New York","country":"United States","latitude":40.718343,"longitude":-73.989506},{"name":"Silvana","venueId":"V0-001-007099871-6","address":"300 W. 116th Street","city":"New York","country":"United States","latitude":40.8044345,"longitude":-73.9553998},{"name":"Littlefield","venueId":"V0-001-002437119-8","address":"622 Degraw Street","city":"Brooklyn","country":"United States","latitude":40.679167,"longitude":-73.983473},{"name":"South Street Seaport","venueId":"V0-001-000188090-7","address":"Pier 17","city":"New York","country":"United States","latitude":40.70591970630334,"longitude":-74.00145320580441},{"name":"New Jersey Performing Arts Center","venueId":"V0-001-000965593-6","address":"36 Park Place","city":"Newark","country":"United States","latitude":40.739491,"longitude":-74.1681035},{"name":"Avanti Night Club","venueId":"V0-001-005906180-4","address":"272 Post Avenue","city":"Rockville Centre","country":"United States","latitude":40.6666,"longitude":-73.6394},{"name":"R Bar","venueId":"V0-001-000163111-6","address":"218 Bowery","city":"New York","country":"United States","latitude":40.7219467,"longitude":-73.9938044},{"name":"Spectrum","venueId":"V0-001-006045671-6","address":"121 Ludlow St. 2nd floor","city":"New York","country":"United States","latitude":40.719704,"longitude":-73.9888129},{"name":"Rustik Tavern","venueId":"V0-001-002355247-7","address":"471 DeKalb Avenue","city":"Brooklyn","country":"United States","latitude":40.690801,"longitude":-73.958279},{"name":"THE SLIPPER ROOM","venueId":"V0-001-000661583-0","address":"167 ORCHARD STREET","city":"New York","country":"United States","latitude":40.7214021,"longitude":-73.9887194},{"name":"Chat 19","venueId":"V0-001-001024937-9","address":"19 Chatsworth Avenue","city":"Larchmont","country":"United States","latitude":40.930129,"longitude":-73.751412},{"name":"Stimulate","venueId":"V0-001-002216765-2","address":"152 Orchard Street","city":"New York","country":"United States","latitude":40.7207616,"longitude":-73.9887703},{"name":"Juniper Jones Studio","venueId":"V0-001-007448993-3","address":"10 Jay Street","city":"Brooklyn","country":"United States","latitude":40.6942,"longitude":-73.9906},{"name":"Warsaw","venueId":"V0-001-000229394-0","address":"261 Driggs Ave","city":"New York","country":"United States","latitude":40.7225435,"longitude":-73.9484025},{"name":"Dingbatz NJ","venueId":"V0-001-000954233-1","address":"620 Van Houten Avenue","city":"Clifton","country":"United States","latitude":40.8579533,"longitude":-74.1476185},{"name":"Bipolar Lounge","venueId":"V0-001-003386965-9","address":"2588 Atlantic Ave","city":"Brooklyn","country":"United States","latitude":40.6754719,"longitude":-73.8988252},{"name":"LQ","venueId":"V0-001-000700906-3","address":"511 Lexington Avenue","city":"New York","country":"United States","latitude":40.7548797,"longitude":-73.973452},{"name":"Zupkos Tarven","venueId":"V0-001-001952602-2","address":"North Ave","city":"Dunellen","country":"United States","latitude":40.5904688,"longitude":-74.4652326},{"name":"Post 282","venueId":"V0-001-001080573-1","address":"200 Main Street","city":"Harrison","country":"United States","latitude":39.7201008,"longitude":-75.2152769},{"name":"The RockShop","venueId":"V0-001-004478725-4","address":"249 Fourth Avenue Brooklyn, NY 11215","city":"Brooklyn","country":"United States","latitude":40.6761399,"longitude":-73.983451},{"name":"Glen Rock Jewish Center","venueId":"V0-001-001331168-6","address":"682 Harristown Road","city":"Glen Rock","country":"United States","latitude":40.957944,"longitude":-74.118945},{"name":"Mr. Beery\u0027s Bar","venueId":"V0-001-000522829-3","address":"4019 Hempstead tpke","city":"Bethpage","country":"United States","latitude":40.7258593,"longitude":-73.4779615},{"name":"Tobacco Road","venueId":"V0-001-005034061-0","address":"355 West 41st St.","city":"New York","country":"United States","latitude":40.7577118,"longitude":-73.9926255},{"name":"THAI ROCK","venueId":"V0-001-004872357-3","address":"375 Beach 92nd St","city":"Rockaway Park","country":"United States","latitude":40.5888801,"longitude":-73.8172158},{"name":"Roseland Ballroom","venueId":"V0-001-001453897-0","address":"239 West 52nd Street","city":"New York","country":"United States","latitude":40.7631436,"longitude":-73.9841923},{"name":"Thatcher McGhee\u0027s","venueId":"V0-001-001889386-6","address":"6 Wanaque Ave","city":"Pompton Lakes","country":"United States","latitude":41.007684,"longitude":-74.295147},{"name":"Humanities Theatre","venueId":"V0-001-007630255-9","address":"","city":"New York","country":"United States","latitude":40.7142,"longitude":-74.0064},{"name":"MICKY MO\u0027S","venueId":"V0-001-005467267-8","address":"428 Sunrise Hwy","city":"Lynbrook","country":"United States","latitude":40.6553235,"longitude":-73.6691787},{"name":"Dizzy\u0027s Diner","venueId":"V0-001-005025243-0","address":"511 9th Street","city":"Brooklyn","country":"United States","latitude":40.6656899,"longitude":-73.9788057},{"name":"Lelabar","venueId":"V0-001-007573613-9","address":"422 Hudson St","city":"New York","country":"United States","latitude":40.7142,"longitude":-74.0064},{"name":"Pete\u0027s Candy Store","venueId":"V0-001-000229383-4","address":"709 Lorimer Street","city":"Brooklyn","country":"United States","latitude":40.718084,"longitude":-73.950316},{"name":"Caffe Vivaldi","venueId":"V0-001-000395274-9","address":"32 Jones Street","city":"New York","country":"United States","latitude":40.7317592,"longitude":-74.0029944},{"name":"Destination Dogs","venueId":"V0-001-007696065-4","address":"101 Paterson Street","city":"New Brunswick","country":"United States","latitude":40.4836,"longitude":-74.4432},{"name":"Duplex, The","venueId":"V0-001-000229404-6","address":"61 Christopher St.","city":"New York","country":"United States","latitude":40.7337421,"longitude":-74.0024693},{"name":"FARAFINA CAFE","venueId":"V0-001-004841754-8","address":"1813 Amsterdam Ave","city":"New York","country":"United States","latitude":40.828214,"longitude":-73.9452438},{"name":"Middle Branch","venueId":"V0-001-006569468-5","address":"154 E 33rd St","city":"New York","country":"United States","latitude":40.745289,"longitude":-73.979462},{"name":"THE BOX","venueId":"V0-001-000861676-3","address":"189 Chrystie Street","city":"New York","country":"United States","latitude":40.7218798,"longitude":-73.9922751},{"name":"Saints Sinners","venueId":"V0-001-003615119-9","address":"10 East 39th. street between Fifth Avenue \u0026 Madison","city":"New York","country":"United States","latitude":40.7449,"longitude":-73.9783},{"name":"Srb Brooklyn","venueId":"V0-001-006021523-4","address":"177 2nd ave","city":"Brooklyn","country":"United States","latitude":40.669588,"longitude":-73.995498},{"name":"The Bay Shore Bar \u0026 Grill","venueId":"V0-001-006313772-4","address":"2870 Hwy 35","city":"Hazlet","country":"United States","latitude":40.416342,"longitude":-74.171966},{"name":"Union County Performing Arts Center","venueId":"V0-001-000965252-2","address":"1601 Irving Street","city":"Rahway","country":"United States","latitude":40.6105216982452,"longitude":-74.27674081838529},{"name":"Dinosaur Bar-B-Que","venueId":"V0-001-007738527-6","address":"604 Union Street","city":"Brooklyn","country":"United States","latitude":40.6618,"longitude":-73.9855},{"name":"MCLYNN\u0027S PUB","venueId":"V0-001-000954651-3","address":"500 Morris Avenue","city":"Springfield","country":"United States","latitude":40.7154495,"longitude":-74.3214663},{"name":"Clash Bar","venueId":"V0-001-000480596-1","address":"39 Harding Avenue","city":"Clifton","country":"United States","latitude":40.876019,"longitude":-74.1402398},{"name":"Milk Gallery Penthouse","venueId":"V0-001-001024651-2","address":"450 West 15 Street","city":"New York","country":"United States","latitude":40.742282,"longitude":-74.00631},{"name":"Wicked Willy\u0027s","venueId":"V0-001-000329189-7","address":"149 Bleecker Street (formerly Asylum)","city":"New York","country":"United States","latitude":40.7328,"longitude":-74.0078},{"name":"East Coast Tour","venueId":"V0-001-007188241-2","address":"TBA","city":"New York","country":"United States","latitude":40.7142,"longitude":-74.0064},{"name":"Europa Club","venueId":"V0-001-000371359-3","address":"98-104 Meserole Ave., (corner of Manhattan Ave.),","city":"Brooklyn","country":"United States","latitude":40.727102,"longitude":-73.9526893},{"name":"Victory Sports Bar \u0026 Club and The Gallery at the Meadowlands Racing \u0026 Entertainment","venueId":"V0-001-007679324-7","address":"1 Racetrack Drive","city":"East Rutherford","country":"United States","latitude":40.8204,"longitude":-74.0884},{"name":"2A","venueId":"V0-001-000889365-4","address":"25 Avenue A","city":"New York","country":"United States","latitude":40.7229485,"longitude":-73.9859281},{"name":"Lorenzo\u0027s Restaurant, Bar and Cabaret","venueId":"V0-001-001103625-9","address":"1100 South Avenue","city":"Staten Island","country":"United States","latitude":40.6110053,"longitude":-74.1766818},{"name":"Jack Halyard\u0027s American Bar and Grill","venueId":"V0-001-004822958-1","address":"62 South St","city":"Oyster Bay","country":"United States","latitude":40.873427,"longitude":-73.530169},{"name":"Town Hall","venueId":"V0-001-000436630-1","address":"123 West 43rd Street","city":"New York","country":"United States","latitude":40.7559873,"longitude":-73.9847049},{"name":"Christ \u0026 St Stephen\u0027s Church","venueId":"V0-001-001303597-1","address":"120 West 69th Street","city":"New York","country":"United States","latitude":40.775601,"longitude":-73.981091},{"name":"Dizzy Gillespie Auditorium in the Bahai Center","venueId":"V0-001-000909461-2","address":"53 E Eleventh Street","city":"New York","country":"United States","latitude":40.733292,"longitude":-73.992563},{"name":"Old Canal Inn","venueId":"V0-001-006329504-6","address":"2 E Passaic Ave","city":"Nutley","country":"United States","latitude":40.812169,"longitude":-74.183303},{"name":"137 Bar","venueId":"V0-001-006660992-1","address":"3379 Broadway","city":"New York","country":"United States","latitude":40.8214029,"longitude":-73.9544687},{"name":"Landmark on Main","venueId":"V0-001-000253248-7","address":"232 Main Street","city":"Port Washington","country":"United States","latitude":40.8309255,"longitude":-73.6962884},{"name":"Brooklyn Museum","venueId":"V0-001-000229449-9","address":"200 Eastern Parkway","city":"Brooklyn","country":"United States","latitude":40.671151,"longitude":-73.9634766},{"name":"Common Ground Coffeehouse","venueId":"V0-001-000272337-1","address":"First Unitarian Society of Westchester","city":"Hastings On Hudson","country":"United States","latitude":40.9881,"longitude":-73.8637},{"name":"Hill Country BBQ- Brooklyn","venueId":"V0-001-007577777-4","address":"345 Adams st.","city":"Brooklyn","country":"United States","latitude":40.65,"longitude":-73.95},{"name":"Trinity Broadcasting Network of New York","venueId":"V0-001-000440262-1","address":"120 E Fifteenth Street","city":"New York","country":"United States","latitude":40.7346781,"longitude":-73.988456},{"name":"Idle Hands","venueId":"V0-001-004880843-0","address":"25 Avenue B","city":"New York","country":"United States","latitude":40.7223011,"longitude":-73.9831121},{"name":"The Panther Room","venueId":"V0-001-007032709-7","address":"74 Wythe Avenue","city":"Brooklyn","country":"United States","latitude":40.7223328,"longitude":-73.9577161},{"name":"Il Porto","venueId":"V0-001-006640083-4","address":"37 Washington Ave","city":"Brooklyn","country":"United States","latitude":40.6973652,"longitude":-73.9675271},{"name":"Mulcahy\u0027s Of Wantagh","venueId":"V0-001-000779188-1","address":"3232 Railroad Avenue","city":"Long Island City","country":"United States","latitude":40.7331644,"longitude":-73.9385342},{"name":"The Tank @ 46th St.","venueId":"V0-001-005502338-3","address":"151 w. 46th St., 8th Floor","city":"New York","country":"United States","latitude":40.7583529,"longitude":-73.9841524},{"name":"Imagine Gallery","venueId":"V0-001-007549433-0","address":"555 6th Avenue","city":"New York","country":"United States","latitude":40.7418,"longitude":-74.0008},{"name":"South Orange Elks Club (Benefit to Support Local Food Pantries)","venueId":"V0-001-003804577-7","address":"220 Prospect St","city":"South Orange","country":"United States","latitude":40.741015,"longitude":-74.2583836},{"name":"Bergen Performing Arts Center","venueId":"V0-001-000171097-2","address":"30 North Van Brunt Street","city":"Englewood","country":"United States","latitude":40.895168,"longitude":-73.9748762},{"name":"Nuyorican Poets Cafe","venueId":"V0-001-000186909-2","address":"3rd and ave C","city":"New York","country":"United States","latitude":40.7216408,"longitude":-73.9805986},{"name":"Groovedeck","venueId":"V0-001-000887379-3","address":"530 W 27th Street","city":"New York","country":"United States","latitude":40.7507416,"longitude":-74.0037833},{"name":"Red Restaurant \u0026amp; Lounge","venueId":"V0-001-000513348-1","address":"3 Broad Street","city":"Red Bank","country":"United States","latitude":40.352044,"longitude":-74.065186},{"name":"Prime Time","venueId":"V0-001-002489748-3","address":"","city":"Breezy Point","country":"United States","latitude":40.5564,"longitude":-73.9267},{"name":"Melrose Ballroom","venueId":"V0-001-006668651-3","address":"36-08 33rd Ave.","city":"Astoria","country":"United States","latitude":40.7656615,"longitude":-73.9347503},{"name":"Two River Theater","venueId":"V0-001-000966678-3","address":"21 Bridge Avenue","city":"Red Bank","country":"United States","latitude":40.3499962,"longitude":-74.0752118},{"name":"Rough Trade NYC","venueId":"V0-001-007452994-9","address":"64 North 9th St","city":"Brooklyn","country":"United States","latitude":59.3367,"longitude":18.0251},{"name":"Stonewall","venueId":"V0-001-001381913-3","address":"53 Christopher Street","city":"New York","country":"United States","latitude":40.7337897,"longitude":-74.0021338},{"name":"Marquee","venueId":"V0-001-000386575-3","address":"289 Tenth Avenue","city":"New York","country":"United States","latitude":40.7499875,"longitude":-74.0027094},{"name":"Lincoln Center for the Performing Arts","venueId":"V0-001-005352386-1","address":"10 Lincoln Center Plaza","city":"New York","country":"United States","latitude":40.7726351,"longitude":-73.9841418},{"name":"Jewish Center of Brighton Beach","venueId":"V0-001-007607405-4","address":"2915 Ocean Parkway","city":"Brooklyn","country":"United States","latitude":40.5832,"longitude":-73.9438},{"name":"Digital Sandbox Network Event Center","venueId":"V0-001-000112492-6","address":"55 Broad Street 4th Flr","city":"New York","country":"United States","latitude":40.705296,"longitude":-74.011044},{"name":"Best Buy Theatre (formerly Nokia Theatre Times Square)","venueId":"V0-001-001452630-0","address":"1515 Broadway at West 44th Street","city":"New York","country":"United States","latitude":40.7576068,"longitude":-73.9861364},{"name":"Radiant","venueId":"V0-001-005855192-0","address":"100 Vincent Place","city":"Nutley","country":"United States","latitude":40.817151,"longitude":-74.157952},{"name":"Death By Audio","venueId":"V0-001-001468096-3","address":"49 S Second Street %2C","city":"Brooklyn","country":"United States","latitude":40.714772,"longitude":-73.965884},{"name":"Stage 48","venueId":"V0-001-006450326-1","address":"605 West 48th Street","city":"New York","country":"United States","latitude":40.765076,"longitude":-73.995986},{"name":"The Fine Grind Coffee Bar","venueId":"V0-001-001416584-4","address":"480 Main Street","city":"Little Falls","country":"United States","latitude":40.8859732,"longitude":-74.2444733},{"name":"Five Spot","venueId":"V0-001-000351057-0","address":"459 Myrtle Avenue","city":"Brooklyn","country":"United States","latitude":40.693513,"longitude":-73.967162},{"name":"Sounds of Hoboken","venueId":"V0-001-007506723-3","address":"11th Street and Park Avenue","city":"Hoboken","country":"United States","latitude":40.7439,"longitude":-74.0328},{"name":"CUNY Brooklyn College","venueId":"V0-001-004853300-4","address":"2900 Bedford Ave","city":"Brooklyn","country":"United States","latitude":40.6319911,"longitude":-73.9527511},{"name":"Coco 66 - Live Footage","venueId":"V0-001-001894312-5","address":"66 Greenpoint Avenue","city":"Brooklyn","country":"United States","latitude":40.7295609,"longitude":-73.958326},{"name":"Slake","venueId":"V0-001-005254891-5","address":"251 W 30th St","city":"New York","country":"United States","latitude":40.7492758,"longitude":-73.9943228},{"name":"Rent Party","venueId":"V0-001-007362036-6","address":"220 Prospect Street","city":"South Orange","country":"United States","latitude":40.749,"longitude":-74.2639},{"name":"Klimat","venueId":"V0-001-000888580-4","address":"77 E Seventh Street","city":"New York","country":"United States","latitude":40.7273202,"longitude":-73.9862608},{"name":"The Wild Project","venueId":"V0-001-002249452-9","address":"195 East Third Street","city":"New York","country":"United States","latitude":40.723035,"longitude":-73.983281},{"name":"The Allen Room","venueId":"V0-001-000349550-9","address":"Broadway and 60th Street Fifth floor","city":"New York","country":"United States","latitude":40.7765,"longitude":-73.9833},{"name":"Fat Buddha Bar","venueId":"V0-001-006383344-8","address":"212 Ave. A","city":"New York","country":"United States","latitude":40.7210278,"longitude":-73.7483693},{"name":"Rockaway River Barn","venueId":"V0-001-006297588-0","address":"11 Green Pond Road","city":"Rockaway","country":"United States","latitude":40.912163165222516,"longitude":-74.50191265463104},{"name":"Poor Herbies","venueId":"V0-001-003608240-0","address":"13 Waverly Pl","city":"Madison","country":"United States","latitude":40.758103,"longitude":-74.4158224},{"name":"Frankie Blue","venueId":"V0-001-000888823-6","address":"9 Avenue A","city":"New York","country":"United States","latitude":40.7226519,"longitude":-73.986321},{"name":"Tammany Hall (NY)","venueId":"V0-001-005462830-3","address":"152 Orchard St.","city":"New York","country":"United States","latitude":40.7182,"longitude":-73.9847},{"name":"Ibiza Lounge","venueId":"V0-001-001378734-8","address":"220 West 242nd Street","city":"Bronx","country":"United States","latitude":40.8896314,"longitude":-73.8992964},{"name":"Hicks Nurseries, Inc.","venueId":"V0-001-000260640-9","address":"100 Jericho Turnpike","city":"Westbury","country":"United States","latitude":40.763459,"longitude":-73.5973894},{"name":"Museum of Arts \u0026amp; Design","venueId":"V0-001-001084044-2","address":"2 Columbus Cir,","city":"New York","country":"United States","latitude":40.7142,"longitude":-74.0064},{"name":"Jazz At Lincoln Center","venueId":"V0-001-001212546-2","address":"Broadway and 60th Street","city":"New York","country":"United States","latitude":40.7689007,"longitude":-73.9819886},{"name":"Liberty House Restaurant","venueId":"V0-001-000513347-2","address":"76 Audrey Zapp Drive","city":"Jersey City","country":"United States","latitude":40.7090763,"longitude":-74.0400517},{"name":"Cameo","venueId":"V0-001-002239788-2","address":"93 N6th Street (Between Berry and Wythe)","city":"Brooklyn","country":"United States","latitude":40.7113,"longitude":-73.946},{"name":"Miller Theater","venueId":"V0-001-000256136-4","address":"Columbia University 2960 Broadway (at 116th Street)","city":"New York","country":"United States","latitude":40.8080586,"longitude":-73.9640084},{"name":"The Space at Westbury","venueId":"V0-001-007208283-3","address":"250 Post Avenue","city":"Westbury","country":"United States","latitude":40.75817522683059,"longitude":-73.58751930174827},{"name":"Knitting Factory","venueId":"V0-001-001149947-6","address":"361 Metropolitan Avenue","city":"Brooklyn","country":"United States","latitude":40.7140955,"longitude":-73.955965},{"name":"@ USA Tour","venueId":"V0-001-006012065-3","address":"","city":"New York","country":"United States","latitude":40.7142,"longitude":-74.0064},{"name":"DIP Aqua Bar and Lounge","venueId":"V0-001-006355930-6","address":"125 West 45th Street","city":"New York","country":"United States","latitude":40.7574358,"longitude":-73.9838091},{"name":"Postal code 07066, US","venueId":"V0-001-000002297-7","address":"1180 Raritan Road","city":"Clark","country":"United States","latitude":40.630474,"longitude":-74.311181},{"name":"Sonny\u0027s Bar and Grill","venueId":"V0-001-004000684-1","address":"3809 E Tremont Ave","city":"Bronx","country":"United States","latitude":40.824861,"longitude":-73.82012},{"name":"The Elks Lodge","venueId":"V0-001-007605094-8","address":"302 E. 2nd Street","city":"Bound Brook","country":"United States","latitude":40.5714,"longitude":-74.5384},{"name":"Brookfield Place","venueId":"V0-001-006714011-5","address":"250 Vesey St","city":"New York","country":"United States","latitude":40.714834,"longitude":-74.01545},{"name":"Arlene\u0027s Grocery","venueId":"V0-001-000927232-6","address":"95 Stanton Street","city":"New York","country":"United States","latitude":40.7213205,"longitude":-73.9882117},{"name":"BAM Howard Gilman Opera House","venueId":"V0-001-000431307-1","address":"30 Lafayette Avenue","city":"Brooklyn","country":"United States","latitude":40.6864624,"longitude":-73.9777052},{"name":"The Path Cafe","venueId":"V0-001-004539734-0","address":"131 Christopher St","city":"New York","country":"United States","latitude":40.733102,"longitude":-74.0067253},{"name":"APAP - Love Productions Showcase","venueId":"V0-001-001992005-1","address":"","city":"New York","country":"United States","latitude":40.7142,"longitude":-74.0064},{"name":"Time Out New York Lounge","venueId":"V0-001-000888002-1","address":"340 West 50th Street","city":"New York","country":"United States","latitude":40.763015,"longitude":-73.9878198},{"name":"Crossroads","venueId":"V0-001-000334548-0","address":"78 North Ave","city":"Garwood","country":"United States","latitude":40.654499,"longitude":-74.318558},{"name":"Carnegie Hall","venueId":"V0-001-000342003-7","address":"881 Seventh Avenue","city":"New York","country":"United States","latitude":40.765016,"longitude":-73.9799},{"name":"Spike Hill","venueId":"V0-001-000963970-7","address":"184 \u0026 186 Bedford Ave","city":"Brooklyn","country":"United States","latitude":40.7178265,"longitude":-73.9580764},{"name":"ShapeShifter Lab","venueId":"V0-001-005385889-1","address":"18 Whitwell Place Brooklyn, NY 11215","city":"Brooklyn","country":"United States","latitude":40.6763651,"longitude":-73.9859649},{"name":"Hudson Terrace (New York, NY)","venueId":"V0-001-001415751-7","address":"621 West 46th Street","city":"New York","country":"United States","latitude":40.764057,"longitude":-73.997545},{"name":"Partners Seacliff , NY","venueId":"V0-001-003690980-6","address":"225 Sea Cliff Ave","city":"Sea Cliff","country":"United States","latitude":40.8490773,"longitude":-73.6447203},{"name":"BLKMRKT","venueId":"V0-001-007561648-2","address":"","city":"New York","country":"United States","latitude":40.7142,"longitude":-74.0064},{"name":"Pianos","venueId":"V0-001-000967246-5","address":"158 Ludlow Street","city":"New York","country":"United States","latitude":40.721108,"longitude":-73.987751},{"name":"Dance Manhattan Studio","venueId":"V0-001-001358119-7","address":"39 West Nineteenth Street","city":"New York","country":"United States","latitude":40.7400937,"longitude":-73.9934269},{"name":"The MORGAN","venueId":"V0-001-005361285-5","address":"25 Bogart St. (between Rock St \u0026 Varet St)","city":"Brooklyn","country":"United States","latitude":40.703372,"longitude":-73.937648},{"name":"The Theater At Madison Square Garden","venueId":"V0-001-001467820-5","address":"Seventh Avenue and 32nd Street","city":"New York","country":"United States","latitude":40.7497062,"longitude":-73.9916006},{"name":"88 Palace","venueId":"V0-001-001497467-7","address":"88 East Broadway @ Forsyth","city":"New York","country":"United States","latitude":42.6516023,"longitude":-79.0399664},{"name":"B.B. King Blues Club and Grill","venueId":"V0-001-000978654-6","address":"237 W 42nd Street","city":"New York","country":"United States","latitude":40.7566714,"longitude":-73.9884173},{"name":"Leo\u002639;s garden city","venueId":"V0-001-002323286-5","address":"190 Seventh Street","city":"Garden City","country":"United States","latitude":40.725018,"longitude":-73.634232},{"name":"World Famous Montana Studios","venueId":"V0-001-003947090-7","address":"","city":"New York","country":"United States","latitude":40.7659,"longitude":-73.985},{"name":"Fun Zone","venueId":"V0-001-007605349-5","address":"229 New York 110","city":"Farmingdale","country":"United States","latitude":40.7334,"longitude":-73.4281},{"name":"The Manderley Bar at The McKittrick Hotel","venueId":"V0-001-006048972-3","address":"532 W 27th St","city":"New York","country":"United States","latitude":40.7507994,"longitude":-74.003941},{"name":"El Morocco","venueId":"V0-001-001115927-7","address":"3534 Broadway","city":"New York","country":"United States","latitude":40.826027,"longitude":-73.950227},{"name":"Avery Fisher Hall","venueId":"V0-001-000349552-7","address":"10 Lincoln Square","city":"New York","country":"United States","latitude":40.77231875092571,"longitude":-73.98293856085206},{"name":"Newark Symphony Hall","venueId":"V0-001-000306542-3","address":"1020 Broad St","city":"Newark","country":"United States","latitude":40.7280616,"longitude":-74.1762834},{"name":"Cozy Cabin Concerts","venueId":"V0-001-007098682-7","address":"","city":"Saddle Brook","country":"United States","latitude":40.8989,"longitude":-74.0931},{"name":"Hill Country BBQ","venueId":"V0-001-001340433-9","address":"30 W 26th Street","city":"New York","country":"United States","latitude":40.7440142,"longitude":-73.989586},{"name":"Martini Bistro and Bar","venueId":"V0-001-001542421-2","address":"40 Main Street","city":"Millburn","country":"United States","latitude":40.724478,"longitude":-74.307087},{"name":"Nublu","venueId":"V0-001-000359602-0","address":"62 Avenue C","city":"New York","country":"United States","latitude":40.722502,"longitude":-73.979677},{"name":"The Inkwell Jazz Comedy Cafe","venueId":"V0-001-000391103-4","address":"408 Rogers Avenue between lefferts Avenue and Sterling Street","city":"Brooklyn","country":"United States","latitude":40.662757,"longitude":-73.953055},{"name":"Wythe Hotel","venueId":"V0-001-006044218-4","address":"80 Wythe Avenue","city":"Brooklyn","country":"United States","latitude":40.7221087,"longitude":-73.9578089},{"name":"Union Square Ballroom","venueId":"V0-001-005825067-8","address":"29 Union Sq W # 500","city":"New York","country":"United States","latitude":40.7365179,"longitude":-73.991199},{"name":"Jalopy","venueId":"V0-001-000446211-9","address":"315 Columbia Street","city":"Brooklyn","country":"United States","latitude":40.681311,"longitude":-74.004201},{"name":"Outpost in the Burbs","venueId":"V0-001-000278766-1","address":"The Unitarian Church 67 Church Street","city":"Montclair","country":"United States","latitude":40.8153778,"longitude":-74.220146},{"name":"RS Jones","venueId":"V0-001-002292580-7","address":"153 Merrick Ave","city":"Merrick","country":"United States","latitude":40.668329,"longitude":-73.554404},{"name":"Mannes College of Music","venueId":"V0-001-000325580-4","address":"150 West 85th Street","city":"New York","country":"United States","latitude":40.786413,"longitude":-73.9741405},{"name":"Union County Performing Arts Center Hamilton Stage","venueId":"V0-001-006790225-0","address":"360 Hamilton Street","city":"Rahway","country":"United States","latitude":40.6117271,"longitude":-74.2795159},{"name":"Radegast Hall \u0026 Beer Garden","venueId":"V0-001-003821192-7","address":"113 N 3rd St","city":"Brooklyn","country":"United States","latitude":40.7165532,"longitude":-73.9615518},{"name":"Grand Cru Wine Bar","venueId":"V0-001-004424234-4","address":"36 North Van Brunt Street","city":"Englewood","country":"United States","latitude":40.8963974,"longitude":-73.9739084},{"name":"Klub 45: Connolly\u0027s","venueId":"V0-001-000572320-2","address":"121 W 45th Street (between Sixth Seventh Avenue )","city":"New York","country":"United States","latitude":40.7516796,"longitude":-73.9901898},{"name":"Paper Box","venueId":"V0-001-006936813-1","address":"17 Meadow Street","city":"Brooklyn","country":"United States","latitude":40.710856,"longitude":-73.936609},{"name":"Terminal 5","venueId":"V0-001-000529171-2","address":"610 West 56th Street","city":"New York","country":"United States","latitude":40.769708,"longitude":-73.992762},{"name":"Love Club, Carle Place","venueId":"V0-001-007643001-0","address":"","city":"Long Island City","country":"United States","latitude":40.7447,"longitude":-73.9492},{"name":"Espresso 77","venueId":"V0-001-006473221-6","address":"37-57 77th St","city":"Jackson Heights","country":"United States","latitude":40.7236855,"longitude":-73.8825501},{"name":"Le Cigar","venueId":"V0-001-000888912-9","address":"151 E 50th Street","city":"New York","country":"United States","latitude":40.756258,"longitude":-73.971193},{"name":"Mercury Lounge","venueId":"V0-001-001462094-3","address":"217 East Houston Street","city":"New York","country":"United States","latitude":40.722036,"longitude":-73.986806},{"name":"APAP Artists Conference","venueId":"V0-001-001935582-2","address":"1335 6th Avenue","city":"New York","country":"United States","latitude":40.7621329,"longitude":-73.979088},{"name":"SANKEYS NYC","venueId":"V0-001-007379915-2","address":"29 West 36th Street","city":"New York","country":"United States","latitude":40.7553,"longitude":-73.9922},{"name":"Empire City Gaming Yonkers Raceway","venueId":"V0-001-001627851-3","address":"810 Yonkers Avenue","city":"Yonkers","country":"United States","latitude":40.919737,"longitude":-73.8653489},{"name":"ISSUE Project Room","venueId":"V0-001-005552717-1","address":"110 Livingston (Entrance at 22 Boerum Place)","city":"Brooklyn","country":"United States","latitude":40.6908083,"longitude":-73.989562},{"name":"M.B. Fitzpatricks","venueId":"V0-001-003764988-6","address":"746 Old Bethpage Rd","city":"Old Bethpage","country":"United States","latitude":40.7640444,"longitude":-73.4543942},{"name":"The Downtown","venueId":"V0-001-001679134-2","address":"West Front Street","city":"Red Bank","country":"United States","latitude":40.347257,"longitude":-74.087649},{"name":"KJ Farrels","venueId":"V0-001-000529392-3","address":"242 Pettit Avenue","city":"Bellmore","country":"United States","latitude":40.6690367,"longitude":-73.5292125},{"name":"Marquis Theatre","venueId":"V0-001-000223921-6","address":"46th Street","city":"New York","country":"United States","latitude":40.758526,"longitude":-73.985775},{"name":"Mahwah Regional Chamber of Commerce","venueId":"V0-001-001397665-0","address":"105 Lakeside Drive","city":"Ramsey","country":"United States","latitude":41.0507159,"longitude":-74.1328816},{"name":"Arka Lounge","venueId":"V0-001-000554297-1","address":"4488 Broadway","city":"New York","country":"United States","latitude":40.8577561,"longitude":-73.9320856},{"name":"Full Cup","venueId":"V0-001-004751153-7","address":"388 Van Duzer St","city":"Staten Island","country":"United States","latitude":40.6287613,"longitude":-74.0800882},{"name":"6 PM: Tasting: B3 Lounge at Body By Brooklyn Spa","venueId":"V0-001-005804763-0","address":"275 Park Ave.","city":"Brooklyn","country":"United States","latitude":40.696318,"longitude":-73.967902},{"name":"Kc\u0027s Corner","venueId":"V0-001-001369465-9","address":"100 oak tree road","city":"South Plainfield","country":"United States","latitude":40.578447,"longitude":-74.4104257},{"name":"Joe\u0027s Pub","venueId":"V0-001-000946173-5","address":"425 Lafayette Street","city":"New York","country":"United States","latitude":40.729126,"longitude":-73.9920822},{"name":"El Museo del Barrio","venueId":"V0-001-000229434-7","address":"1230 Fifth Avenue","city":"New York","country":"United States","latitude":40.7932214,"longitude":-73.9514182},{"name":"The Bowery Electric","venueId":"V0-001-000268749-5","address":"327 Bowery at Second","city":"New York","country":"United States","latitude":40.7257,"longitude":-73.991673},{"name":"BLACK PEARL","venueId":"V0-001-007316898-1","address":"1299 Grand Avenue","city":"Baldwin","country":"United States","latitude":40.6534,"longitude":-73.6082},{"name":"LOVE","venueId":"V0-001-007299827-9","address":"","city":"Long Island City","country":"United States","latitude":40.7447,"longitude":-73.9492},{"name":"Sage","venueId":"V0-001-007358857-4","address":"","city":"Brooklyn","country":"United States","latitude":40.65,"longitude":-73.95},{"name":"Grasshopper Too","venueId":"V0-001-001463409-8","address":"26 Erie Avenue","city":"Wayne","country":"United States","latitude":40.91452,"longitude":-74.267339},{"name":"Garage","venueId":"V0-001-000365451-9","address":"Christopher St. \u0026 7th Ave","city":"New York","country":"United States","latitude":40.7336089,"longitude":-74.0028203},{"name":"Cafe Wha","venueId":"V0-001-000501933-0","address":"115 Macdougal","city":"New York","country":"United States","latitude":40.7301659,"longitude":-74.000664},{"name":"The Greater Calvary Baptist Church/ 43-55 West 124th Street NYC","venueId":"V0-001-007233860-8","address":"55 East 124th Street","city":"New York","country":"United States","latitude":40.8048301,"longitude":-73.9403738},{"name":"Vibe Lounge","venueId":"V0-001-000611906-2","address":"60 Front Street","city":"Rockville Centre","country":"United States","latitude":40.6584443,"longitude":-73.645585},{"name":"The Cornelia Street Cafe","venueId":"V0-001-000281317-9","address":"29 Cornelia Street","city":"New York","country":"United States","latitude":40.7314926,"longitude":-74.0024972},{"name":"Baby Castles","venueId":"V0-001-005306535-8","address":"285 Kent","city":"Brooklyn","country":"United States","latitude":40.7149016,"longitude":-73.9666132},{"name":"The Capitol Theatre","venueId":"V0-001-006126704-9","address":"149 Westchester Ave","city":"Port Chester","country":"United States","latitude":41.001397,"longitude":-73.6654978},{"name":"Session 73","venueId":"V0-001-000408023-4","address":"1359 First Avenue","city":"New York","country":"United States","latitude":40.7685766,"longitude":-73.9558828},{"name":"Symphony Space","venueId":"V0-001-000162530-0","address":"2537 Broadway at 95th Street","city":"New York","country":"United States","latitude":40.793942,"longitude":-73.972906},{"name":"The Way Station","venueId":"V0-001-004901144-8","address":"683 Washington Ave","city":"Brooklyn","country":"United States","latitude":40.6767595,"longitude":-73.9634215},{"name":"Room Mate grace hotel","venueId":"V0-001-005981814-1","address":"125 W 45th street","city":"New York","country":"United States","latitude":40.7142,"longitude":-74.0064},{"name":"Franklin Park","venueId":"V0-001-002254177-5","address":"618 Street Johns Place","city":"Brooklyn","country":"United States","latitude":40.6725066,"longitude":-73.9578374},{"name":"Roxy and Dukes Roadhouse","venueId":"V0-001-004035034-4","address":"745 Bound Brook Rd.","city":"Dunellen","country":"United States","latitude":40.5876905,"longitude":-74.4731392},{"name":"Jimmy\u0027s Basment","venueId":"V0-001-000887390-6","address":"43 East Seventh Street","city":"New York","country":"United States","latitude":40.7281332,"longitude":-73.9884175},{"name":"Postal code 07071, US","venueId":"V0-001-000113512-6","address":"1050 Wall Street West","city":"Lyndhurst","country":"United States","latitude":40.8065656,"longitude":-74.1043676},{"name":"Cannon’s Blackthorn","venueId":"V0-001-004662411-7","address":"49 North Village Ave.","city":"Rockville Centre","country":"United States","latitude":40.6581459,"longitude":-73.6476405},{"name":"PLATTDUETSCHE Park Restaurant","venueId":"V0-001-000742923-0","address":"1132 Hempstead Turnpike","city":"Franklin Square","country":"United States","latitude":40.708183,"longitude":-73.682202},{"name":"Paper Box","venueId":"V0-001-006085424-6","address":"17 Meadow Street Btwn. Waterbury \u0026 Bogart","city":"Brooklyn","country":"United States","latitude":40.65,"longitude":-73.95},{"name":"Music Hall of Williamsburg","venueId":"V0-001-000965776-7","address":"66 N Sixth Street","city":"Brooklyn","country":"United States","latitude":40.7192879,"longitude":-73.9617084},{"name":"(Le) Poisson Rouge","venueId":"V0-001-000529109-5","address":"158 Bleecker Street","city":"New York","country":"United States","latitude":40.7284972,"longitude":-74.0000671},{"name":"The Scratcher","venueId":"V0-001-001521868-4","address":"209 East Fifth Street","city":"New York","country":"United States","latitude":40.7274854,"longitude":-73.9905903},{"name":"The Spot Lounge","venueId":"V0-001-001523398-4","address":"45 Commerce str","city":"Newark","country":"United States","latitude":40.7363776,"longitude":-74.1690234},{"name":"THE COURT TAVERN","venueId":"V0-001-000662026-7","address":"124 CHURCH ST","city":"New Brunswick","country":"United States","latitude":40.4957611,"longitude":-74.4453667},{"name":"The Triad","venueId":"V0-001-000448265-4","address":"158 W 72nd Street Second Floor","city":"New York","country":"United States","latitude":40.7142,"longitude":-74.0064},{"name":"Strand Book Store","venueId":"V0-001-000116699-5","address":"828 Broadway","city":"New York","country":"United States","latitude":40.7332739,"longitude":-73.9908698},{"name":"XL Cabaret","venueId":"V0-001-005881869-4","address":"512 West 42nd Street","city":"New York","country":"United States","latitude":40.760032,"longitude":-73.9964308},{"name":"Rodeo Bar","venueId":"V0-001-000202801-8","address":"375 Third Avenue","city":"New York","country":"United States","latitude":40.741414,"longitude":-73.980889},{"name":"otto\u0027s shruken heads","venueId":"V0-001-000963901-7","address":"538 east Fourteenth st","city":"New York","country":"United States","latitude":40.729399,"longitude":-73.978722},{"name":"Sanctuary Guest Suites","venueId":"V0-001-006400901-1","address":"196 Stanton St","city":"New York","country":"United States","latitude":40.7199488,"longitude":-73.9832323},{"name":"Acheron","venueId":"V0-001-004131141-2","address":"57 waterbury st","city":"Brooklyn","country":"United States","latitude":40.7092747,"longitude":-73.9370977},{"name":"The Gramercy Theatre (The Blender Theatre)","venueId":"V0-001-000751118-8","address":"127 East 23rd Street","city":"New York","country":"United States","latitude":40.7399,"longitude":-73.984911},{"name":"The Mason Jar","venueId":"V0-001-003317405-6","address":"221 Ramapo Valley Road","city":"Mahwah","country":"United States","latitude":41.09636,"longitude":-74.1651},{"name":"The Red Lion","venueId":"V0-001-000837136-5","address":"151 Bleecker Street","city":"New York","country":"United States","latitude":40.7284632,"longitude":-73.9995098},{"name":"Recoup Lounge","venueId":"V0-001-000887323-4","address":"210 Rivington Street","city":"New York","country":"United States","latitude":40.7185036,"longitude":-73.982663},{"name":"Karma Lounge","venueId":"V0-001-000893827-6","address":"51 First Avenue","city":"New York","country":"United States","latitude":40.724931,"longitude":-73.987653},{"name":"Ginger\u0027s Bar","venueId":"V0-001-001640075-0","address":"363 Fifth Avenue","city":"Brooklyn","country":"United States","latitude":40.6714086,"longitude":-73.9844171},{"name":"PS 321 William Penn School","venueId":"V0-001-003182590-7","address":"180 7th Avenue","city":"Brooklyn","country":"United States","latitude":40.6713197,"longitude":-73.9779245},{"name":"Brooklyn Night Bazaar","venueId":"V0-001-006515038-5","address":"165 Banker Street","city":"Brooklyn","country":"United States","latitude":40.65,"longitude":-73.95},{"name":"Saint Peter\u0027s College","venueId":"V0-001-000326523-6","address":"2641 Kennedy Blvd","city":"Jersey City","country":"United States","latitude":40.7281,"longitude":-74.0781},{"name":"Lower East Side","venueId":"V0-001-002129610-6","address":"137 East Houston Street \u0026amp country\u003dUnited%20States","city":"New York","country":"United States","latitude":40.7142,"longitude":-74.0064},{"name":"Alphabet Lounge","venueId":"V0-001-000245067-9","address":"104 Avenue C","city":"New York","country":"United States","latitude":40.7239222,"longitude":-73.9788269},{"name":"Lehman Center for the Performing Arts","venueId":"V0-001-001084068-2","address":"250 Bedford Park Boulevard West","city":"Bronx","country":"United States","latitude":40.873375,"longitude":-73.8894068},{"name":"Cin-M-Art","venueId":"V0-001-003764790-3","address":"17 Murray Street","city":"New York","country":"United States","latitude":40.713718,"longitude":-74.008036},{"name":"National Black Theartre of Harlem","venueId":"V0-001-001080909-2","address":"2031-33 Fifth Avenue","city":"New York","country":"United States","latitude":40.733166,"longitude":-73.995278},{"name":"The Metropolitan Museum of Art","venueId":"V0-001-000228997-4","address":"1000 Fifth Avenue","city":"New York","country":"United States","latitude":40.7792134,"longitude":-73.9634699},{"name":"Desmond\u0027s Tavern","venueId":"V0-001-001234683-4","address":"433 Park Avenue South","city":"New York","country":"United States","latitude":40.7442346,"longitude":-73.9832426},{"name":"Goldcrest Post Screening Room","venueId":"V0-001-000112934-7","address":"Screening Room","city":"New York","country":"United States","latitude":40.7142,"longitude":-74.0064},{"name":"Hammerstein Ballroom","venueId":"V0-001-000389380-8","address":"311 West 34th Street","city":"New York","country":"United States","latitude":40.752664,"longitude":-73.994309},{"name":"Ramapo College of New Jersey","venueId":"V0-001-000326339-9","address":"505 Ramapo Valley Rd","city":"Mahwah","country":"United States","latitude":41.0886,"longitude":-74.1442},{"name":"Parsippany","venueId":"V0-001-000823527-6","address":"1735 Rte 46","city":"Parsippany","country":"United States","latitude":40.865236,"longitude":-74.408546},{"name":"Prohibition","venueId":"V0-001-000888790-9","address":"503 Columbus Avenue","city":"New York","country":"United States","latitude":40.7852967,"longitude":-73.9728424},{"name":"State Theatre","venueId":"V0-001-000250706-5","address":"15 Livington Avenue","city":"New Brunswick","country":"United States","latitude":40.4931855,"longitude":-74.4443191},{"name":"The Hillside Cafe","venueId":"V0-001-000541464-1","address":"45 Hillside Crescent (corner of Church and Prospect Street )","city":"Nutley","country":"United States","latitude":40.8182265,"longitude":-74.1645287},{"name":"South Orange Performing Arts Center","venueId":"V0-001-000836548-9","address":"One SOPAC Way","city":"South Orange","country":"United States","latitude":40.74608,"longitude":-74.2609403},{"name":"MONDO","venueId":"V0-001-006715831-8","address":"426 Springfield Ave","city":"Summit","country":"United States","latitude":40.717753,"longitude":-74.359455},{"name":"Cloud City","venueId":"V0-001-007100786-2","address":"Cloud City 85 N 1st St,","city":"Brooklyn","country":"United States","latitude":40.7161693,"longitude":-73.9634693},{"name":"Hastings-On-Hudson Train Station (Hastings on Hudson, NY)","venueId":"V0-001-000836732-6","address":"134 Southside Avenue","city":"Hastings On Hudson","country":"United States","latitude":40.9945752,"longitude":-73.8841124},{"name":"Bar 9","venueId":"V0-001-000888957-2","address":"807 Ninth Avenue","city":"New York","country":"United States","latitude":40.765801,"longitude":-73.9876869},{"name":"Norwood Club","venueId":"V0-001-007650996-7","address":"","city":"Saint Albans","country":"United States","latitude":40.6983,"longitude":-73.7611},{"name":"Irish Haven","venueId":"V0-001-005704750-9","address":"5721 4th Ave","city":"Brooklyn","country":"United States","latitude":40.6406,"longitude":-74.0169},{"name":"South Presbyterian Church","venueId":"V0-001-001329882-6","address":"343 Broadway Dobbs Ferry NY 10522","city":"Dobbs Ferry","country":"United States","latitude":41.014823,"longitude":-73.872787},{"name":"Dublin Pub","venueId":"V0-001-000967314-5","address":"4 Pine Street","city":"Morristown","country":"United States","latitude":40.7946384,"longitude":-74.4784799},{"name":"Esavoy Lounge","venueId":"V0-001-006379897-8","address":"2192 Flatbush Ave","city":"Brooklyn","country":"United States","latitude":40.6166597,"longitude":-73.9303404},{"name":"Count Basie Theatre","venueId":"V0-001-001002458-5","address":"99 Monmouth Street","city":"Red Bank","country":"United States","latitude":40.348895,"longitude":-74.070198},{"name":"The Eden Ladin \u0027Universe\u0027 @ Fat Cat","venueId":"V0-001-007077732-6","address":"75 Christopher St.","city":"New York","country":"United States","latitude":40.7142,"longitude":-74.0064},{"name":"The Bell House","venueId":"V0-001-001696421-2","address":"149 Seventh Street","city":"Brooklyn","country":"United States","latitude":40.673575,"longitude":-73.991697},{"name":"The Brighton Bar","venueId":"V0-001-001437334-6","address":"121 Brighton Avenue","city":"Long Branch","country":"United States","latitude":40.2845863,"longitude":-73.9873435},{"name":"Fifth Estate","venueId":"V0-001-002951173-7","address":"421 5th Ave","city":"Brooklyn","country":"United States","latitude":40.6698803,"longitude":-73.9855715},{"name":"Under St. Mark\u0027s","venueId":"V0-001-000345892-4","address":"94 St. Mark\u0027s Place","city":"New York","country":"United States","latitude":40.7273211,"longitude":-73.9848844},{"name":"Goodbye Blue Monday","venueId":"V0-001-005404151-3","address":"1087 Broadway","city":"Brooklyn","country":"United States","latitude":40.6945679,"longitude":-73.930494},{"name":"The Delancey","venueId":"V0-001-000502513-7","address":"168 Delancey between Clinton and Attorney","city":"New York","country":"United States","latitude":40.7142,"longitude":-74.0064},{"name":"Espresso Joe\u0027s","venueId":"V0-001-001104350-5","address":"50 W Front Street","city":"Keyport","country":"United States","latitude":40.4369446,"longitude":-74.2037001},{"name":"Club Remix - After Hours","venueId":"V0-001-001497742-5","address":"27 Park Place","city":"New York","country":"United States","latitude":40.7130914,"longitude":-74.0087263},{"name":"Bembe","venueId":"V0-001-001027447-2","address":"81 South Sixth Street","city":"Brooklyn","country":"United States","latitude":40.7110723,"longitude":-73.9651403},{"name":"Tea Lounge","venueId":"V0-001-000632033-0","address":"837 Union Street","city":"Brooklyn","country":"United States","latitude":40.674948,"longitude":-73.97602},{"name":"Flute","venueId":"V0-001-000888813-9","address":"205 W 54th Street","city":"New York","country":"United States","latitude":40.763994,"longitude":-73.9820528},{"name":"Times Square Area (New York, NY)","venueId":"V0-001-000902104-1","address":"Times Square Area","city":"New York","country":"United States","latitude":40.7588825,"longitude":-73.9851759},{"name":"Studio-X New York","venueId":"V0-001-004975173-1","address":"180 Varick St.","city":"New York","country":"United States","latitude":40.7276957,"longitude":-74.0053962},{"name":"Monmouth Beach Cultural Center","venueId":"V0-001-007672989-9","address":"128 Ocean Ave.","city":"Monmouth Beach","country":"United States","latitude":40.3341,"longitude":-73.9841},{"name":"SOB\u0027s","venueId":"V0-001-000290564-7","address":"204 Varick Street","city":"New York","country":"United States","latitude":40.7284001,"longitude":-74.0052472},{"name":"Assumption of the Holy Virgin Orthodox Church","venueId":"V0-001-007610249-0","address":"35 Orange Street","city":"Clifton","country":"United States","latitude":40.8583,"longitude":-74.1642},{"name":"The Main Streets Cafe","venueId":"V0-001-001103992-8","address":"54 Main Street","city":"Madison","country":"United States","latitude":40.759189,"longitude":-74.415059},{"name":"Newark Airport (Private Party)","venueId":"V0-001-003824846-2","address":"","city":"Newark","country":"United States","latitude":40.7356,"longitude":-74.1728},{"name":"STASH","venueId":"V0-001-005997151-0","address":"248 West 14th Street","city":"New York","country":"United States","latitude":40.73925,"longitude":-74.002098},{"name":"Radio Bushwick","venueId":"V0-001-007520882-1","address":"22 Wyckoff Avenue","city":"Brooklyn","country":"United States","latitude":40.7041,"longitude":-73.9181},{"name":"Etcetera Etc","venueId":"V0-001-001257813-2","address":"352 W 44Th Street","city":"New York","country":"United States","latitude":40.7593605,"longitude":-73.9910726}]