venueId,name,address,city,country,description,url,latitude,longitude
V0-001-000888871-3,Continental,25 Third Avenue,New York,United States,,,40.729617,-73.989493
V0-001-001197891-9,Community Church of New York,40 East 35th Street,New York,United States,,,40.7482067,-73.9819816
V0-001-001257091-8,Anyway Cafe,3234 E 2Nd Street,New York,United States,,,40.58654,-73.9674957
V0-001-000939118-0,Barney McNabbs,600 Tuckahoe Avenue,Yonkers,United States,,,40.9534806,-73.845739
V0-001-000557367-0,DROM,85 Avenue A (between 5th and 6th),New York,United States,,,40.725358,-73.98443
V0-001-000494331-3,Motor City,127 Ludlow,New York,United States,,,40.7199337,-73.9885435
V0-001-000296703-6,Broadway Comedy Club,318 West 53rd Street,New York,United States,,,40.7645442,-73.9856693
V0-001-000501580-2,fat cat (Music NYC),75 Christopher Street,New York,United States,,,40.7335672,-74.0032056
V0-001-002344925-2,Iridium Jazz Club,1650 Broadway,New York,United States,,,40.7741377,-73.9887045
V0-001-002971893-2,Spin New York,48 E. 23rd St. (Between Park and Madison Ave.),New York,United States,,,40.8146908,-73.9345503
V0-001-002488079-3,STUDIOSQUARE,35-33 36th Street,Astoria,United States,,,40.754703,-73.9248093
V0-001-007198979-7,Bar Chord,1008 Cortelyou Rd,Brooklyn,United States,,,40.639153,-73.968396
V0-001-007657924-9,Elastic Beatz Radio,,New York,United States,,,40.7142,-74.0064
V0-001-000894715-9,AJ's Go-Go Lounge,201 Secaucus Road,Secaucus,United States,,,40.7701293,-74.0577644
V0-001-006458067-7,Eastchester Inn,,Eastchester,United States,,,40.9501246,-73.8187435
V0-001-001508973-6,Wellmont Theatre,5 Seymour Street,Montclair,United States,,,40.812646,-74.2167
V0-001-004432832-5,LaunchPad,721 Franklin Ave,Brooklyn,United States,,,40.67378,-73.956505
V0-001-007487458-4,SubCulture,45 Bleecker Street,New York,United States,,,40.7264,-73.998
V0-001-000448738-5,49 Grove Prive,49 Grove Street (bet Bleeker and Seventh Avenue South),New York,United States,,,40.7332033,-74.0030456
V0-001-000502098-3,Hank's Saloon,46 Third Avenue,Brooklyn,United States,,,40.6852513,-73.9809956
V0-001-000326310-4,City University of New York Queens College,65-30 Kissena Blvd.,Flushing,United States,,,40.7366327,-73.818871
V0-001-007355703-3,Flute East,303 E 53rd St,New York,United States,,,40.759,-73.968
V0-001-004778127-9,Hotel Chantelle,92 Ludlow Street (between Delancey Street & Broome Street),New York,United States,,,40.7195252,-73.9945445
V0-001-001492553-8,LIC Bar,45-58 Vernon Boulevard,Long Island City,United States,,,40.7470042,-73.9528534
V0-001-001383489-5,Bianco Ultra Lounge,573 Nesconset Highway,New York,United States,,,40.8453162,-73.1733885
V0-001-003763227-5,Red Oak Grille,579 Allen Rd,Basking Ridge,United States,,,40.6562606,-74.6198745
V0-001-000167548-4,Mexicali Live,1409 Queen Anne Road,Teaneck,United States,,,40.9017006,-74.0049746
V0-001-000229388-9,Smoke,2751 Broadway,New York,United States,,,40.8011433,-73.9680565
V0-001-000325170-1,Iona College,715 North Ave,New Rochelle,United States,,,40.9261162,-73.7874485
V0-001-000600280-5,United Palace,4140 Broadway at 175th Street,New York,United States,,,40.846524,-73.9382409
V0-001-001257014-9,The Underground Lounge,955 West End Avenue,New York,United States,,,40.8022867,-73.9682891
V0-001-005128798-3,Drom Bar & Restaurant,85 Avenue A,New York,United States,,,40.725358,-73.98443
V0-001-004609394-6,LAVO NY,39 E 58th St,New York,United States,,,40.762828,-73.9714827
V0-001-000901276-0,West Bank Cafe,407 West 42nd Street at Ninth Avenue,New York,United States,,,40.7587609,-73.9929822
V0-001-000967240-1,Metropolitan Room,34 West 22nd Street,New York,United States,,,40.741462,-73.992067
V0-001-007634079-9,Club house sports bar,17 Williams ave,Brooklyn,United States,,,40.6702,-73.8944
V0-001-004319435-0,The Stone Turtle,4160 Austin Boulevard,Island Park,United States,,,40.607967,-73.648
V0-001-000362271-4,Unitarian Universalist Congregation of Central Nassau,The Garden Stage @ UUCCN 223 Stewart Ave.,Garden City,United States,,,40.7247731,-73.6616067
V0-001-001363911-1,The Turning Point,468 Piermont Avenue,Piermont,United States,,,41.0400599,-73.916421
V0-001-000167494-4,55 Bar,55 Christopher St.,New York,United States,,,40.7337681,-74.0022263
V0-001-000966595-1,Village Vanguard,178 Seventh Avenue South,New York,United States,,,40.7360303,-74.0016865
V0-001-000229377-3,Pyramid,101 Avenue A,New York,United States,,,40.725845,-73.984049
V0-001-004872104-3,THE VAGABOND CAFE,7 Cornelia St,New York,United States,,,40.7317698,-74.001698
V0-001-004662945-9,The Grand Victory,245 Grand St,Brooklyn,United States,,,40.7136447,-73.9587493
V0-001-006880668-9,54 Below NYC,,New York,United States,,,40.7659,-73.985
V0-001-001703894-9,olives,118 Main Street,Nyack,United States,,,41.0914422,-73.920381
V0-001-003867196-1,Galeria West,111 Quimby Street,Westfield,United States,,,40.65109,-74.3472589
V0-001-007505053-4,Silvana's,,New York,United States,,,40.7142,-74.0064
V0-001-005883103-9,THE BITTER END,147 Bleecker Street,New York,United States,,,40.72833793478125,-73.99932892394258
V0-001-006170349-9,Ginny's Supper Club,310 Lenox Ave,New York,United States,,,40.8080597,-73.9449395
V0-001-001084475-8,Brooklyn Academy of Music,30 Lafayette Avenue,New York,United States,,,40.686853,-73.9777766
V0-001-000887742-5,Bar Next Door at La Lanterna di Vittorio,131 MacDougal Street,New York,United States,,,40.7308023,-74.000085
V0-001-001015033-0,Rockwood Music Hall,196 Allen Street,New York,United States,,,40.722482,-73.9886929
V0-001-007147447-1,Global Mixx Radio,,New York,United States,,,40.7142,-74.0064
V0-001-000300130-0,Camaradas El Barrio,2241 First Ave,New York,United States,,,40.7955789,-73.936071
V0-001-006150388-0,Molly Maguires at Black Point Inn,132 E River Rd,Rumson,United States,,,40.372298,-73.999503
V0-001-000272561-6,Willie McBride's,616 Grand Street,Hoboken,United States,,,40.745085652028685,-74.03445340363544
V0-001-001336565-0,Tim Kerwin's Tavern,353 Bound Brook Road,Middlesex,United States,,,40.5844569,-74.4821572
V0-001-006705138-9,Jeffrey's of Westfield Restaurant & Bar,"114 Central Avenue Westfield, NJ 07090",Westfield,United States,,,40.6518516,-74.3472769
V0-001-004783796-7,Manhattan Inn,632 Manhattan Ave,Brooklyn,United States,,,40.724022,-73.950664
V0-001-002426931-6,Brooklyn Bowl,61 Wythe Ave,Brooklyn,United States,,,40.7218943,-73.957392
V0-001-003094455-1,Downtown Music Gallery,13 Monroe St,New York,United States,,,40.711671,-73.995938
V0-001-007373995-6,Baby's All Right,146 Broadway,New York,United States,,,40.7142,-74.0064
V0-001-006036311-5,The Chubby Pickle Sports Bar and Grill,23 Bay Ave,Highlands,United States,,,40.398003,-73.982774
V0-001-006116105-5,Jazz at the Kitano,66 Park Avenue,New York,United States,,,40.74957963509478,-73.97996195337294
V0-001-000213346-2,Morristown Unitarian Fellowship,21 Normandy Heights Road,Morristown,United States,,,40.795317,-74.445465
V0-001-007691726-3,Front Row Cube,Fulton Street at South Street Seaport,New York,United States,,,40.7142,-74.0064
V0-001-000231372-1,Mineola Memorial Library,195 Marcellus Road,Mineola,United States,,,40.7431196,-73.6457519
V0-001-003028287-7,Smalls Jazz Club,183 West Tenth Street,New York,United States,,,40.7342711,-74.0029268
V0-001-004709710-7,Crescent Lounge,35-05 Crescent St,Astoria,United States,,,40.759416,-73.931888
V0-001-000435239-9,Apollo Theater,253 West 125th Street,New York,United States,,,40.809765,-73.94994
V0-001-000160173-5,Paddy Reilly's Music Bar,519 2nd Ave (at 29th Street),New York,United States,,,40.741575,-73.978323
V0-001-005619395-3,Westway,75 Clarkson St,New York,United States,,,40.7298843,-74.0101032
V0-001-001466271-8,The Bowery Ballroom,6 Delancey Street,New York,United States,,,40.720364,-73.993542
V0-001-000888816-6,Lucky Cheng's,24 First Avenue,New York,United States,,,40.723591,-73.987807
V0-001-006812747-6,Hotel Victor Bar and Grill,77 Hudson St,Hoboken,United States,,,40.736112,-74.029874
V0-001-007538152-2,BlackThorn51,Queens Blvd,Elmhurst,United States,,,40.7351,-73.8775
V0-001-001150419-4,Robert Treat Hotel,50 Park Place,Newark,United States,,,40.7395965,-74.1677309
V0-001-001127507-0,NYCB Theatre at Westbury,960 Brush Hollow Road,Westbury,United States,,,40.7733768,-73.5585732
V0-001-006251479-5,CLUB GLAZZ,79-51 ALBION AVE,Elmhurst,United States,,,40.7392309,-73.884613
V0-001-001124930-3,Union Pool,484 Union Street,Brooklyn,United States,,,40.6792139,-73.987716
V0-001-000151053-0,Millennium Broadway Hotel,145 West 44th Street,New York,United States,,,40.7569402,-73.9848717
V0-001-000886792-3,Lit,93 Second Avenue,New York,United States,,,40.727198,-73.989096
V0-001-003618622-9,Le Pescadeux Restaurant,90 Thompson St,New York,United States,,,40.725135,-74.002087
V0-001-006476098-1,Ray Smith Studio,261 Bond Street,Brooklyn,United States,,,40.6811889,-73.9884046
V0-001-000888761-7,American Trash,1471 First Avenue,New York,United States,,,40.7709059,-73.954087
V0-001-000403148-7,Matchless,557 Manhattan Avenue,Brooklyn,United States,,,40.7221923,-73.9499239
V0-001-005784055-3,Mulcahys,Railroad Ave,Wantagh,United States,,,40.672865,-73.50889
V0-001-000200586-8,watchung Arts Center,18 Stirling Road,Watchung,United States,,,40.6374525,-74.45058
V0-001-005727093-0,Greenwich Village Country Club,110 University Place,New York,United States,,,40.7343513,-73.9925862
V0-001-002038745-6,Shortways Barn,Goffle Rd,Hawthorne,United States,,,40.9530826,-74.1632297
V0-001-007030195-6,Bar Catalonia,206 West 41st Street,New York,United States,,,40.755396,-73.988097
V0-001-004093441-0,Miles' Cafe,212 E. 52nd St.,New York,United States,,,40.7566522,-73.9691099
V0-001-005033783-8,Saint Vitus,1120 Manhattan Avenue,Brooklyn,United States,,,40.73690121213037,-73.95518709573554
V0-001-000888697-3,Gramercy Tavern,42 E 20th Street,New York,United States,,,40.7385408,-73.9885045
V0-001-007229987-7,M Lounge,"15 Grand Ave Palisades Park, NJ 07650",Palisades Park,United States,,,40.8461,-73.9952
V0-001-000378360-8,Apples,104 North 10th Street,Kenilworth,United States,,,40.677442,-74.301918
V0-001-002054461-7,Lovin' Cup,93 North Sixth Street,Brooklyn,United States,,,40.7185109,-73.960311
V0-001-007571515-4,Choga,145 Bleecker Street #2,New York,United States,,,40.7264,-73.998
V0-001-007582725-5,Oh' Brian's on the Green,1300 Raritan Road,Clark,United States,,,40.6224,-74.3124
V0-001-001347638-1,"Old Bay, The",63 Church Street,New Brunswick,United States,,,40.4962247,-74.4423471
V0-001-000253535-0,People's Improv Theater,123 E 24th St,New York,United States,,,40.7405328,-73.9847511
V0-001-007664964-5,Le Pescadaeux,,New York,United States,,,40.7142,-74.0064
V0-001-000229386-1,Blue Note,131 W Third Street,New York,United States,,,40.7309012,-74.000634
V0-001-000159193-3,Ukrainian Museum,222 East 6th Street (bet. 2nd and 3rd Aves.),New York,United States,,,40.7319,-73.9899
V0-001-000325778-7,Montclair State University,1 Normal Avenue,Montclair,United States,,,40.857374,-74.21132
V0-001-007584248-5,Andy's apartment,910 Riverside Drive,New York,United States,,,40.8399,-73.9422
V0-001-007577505-9,One 18,,Newark,United States,,,40.7356,-74.1728
V0-001-000724085-5,Mayo Performing Arts Center,100 South Street,Morristown,United States,,,40.794271,-74.47796
V0-001-005713003-0,Sheraton Newark Airport Hotel,128 Frontage Road,Newark,United States,,,40.7124681,-74.1643822
V0-001-004361061-8,Ruthie's BBQ & Pizza,,Montclair,United States,,,40.821072,-74.209584
V0-001-006461917-3,The Cutting Room,44E.32ndStreet,New York,United States,,,40.7655317,-73.9216406
V0-001-001623296-4,City Winery - New York,155 Varick Street,New York,United States,,,40.7262965,-74.0059827
V0-001-006966871-2,Plymouth Church,57 Orange Street,Brooklyn,United States,,,40.6942,-73.9906
V0-001-002133054-3,The Song Box,,Seaford,United States,,,40.6735,-73.4932
V0-001-000966599-7,Jazz Standard,116 East 27th Street,New York,United States,,,40.742158,-73.9838259
V0-001-000466172-9,Sunset Grill,4068 Sunrise Highway,Seaford,United States,,,40.6751108,-73.4819052
V0-001-000251541-7,Starving Artist Cafe,249 City Island Avenue,New York,United States,,,40.845403,-73.7860479
V0-001-006959967-0,Garcia's at The Capitol Theatre,145 Westchester Avenue,Port Chester,United States,,,41.001401,-73.665246
V0-001-001483612-8,Blue Moon Mexican Cafe,327 Franklin Avenue,Wyckoff,United States,,,41.012022,-74.1672339
V0-001-000208921-3,The Trash Bar,256 Grand Street,Brooklyn,United States,,,40.713244,-73.958879
V0-001-000548327-0,Shanghai Jazz,28 Main Street,Madison,United States,,,40.7596517,-74.4164419
V0-001-000931479-2,Tarrytown Music Hall,Broadway and Main Street,Tarrytown,United States,,,41.076263,-73.8583443
V0-001-000229385-2,Birdland,315 W 44th Street,New York,United States,,,40.7590748,-73.9895553
V0-001-005507408-6,Rubin Museum of Art,150 West 17th Street,New York,United States,,,40.7401243,-73.997699
V0-001-004418350-0,"Atlantic Terminal LIRR, Brooklyn",,Brooklyn,United States,,,40.681,-73.9805
V0-001-000403468-8,Tba,50th and Ninth ave,New York,United States,,,40.7634827,-73.9889542
V0-001-000222066-1,United Methodist Church,250 Bryant Avenue,White Plains,United States,,,41.022394,-73.7468169
V0-001-006815291-3,TBA,434 Dewitt Avenue,Brooklyn,United States,,,40.6568608,-73.8939925
V0-001-000550806-5,Producers Club II Theater,358 West 44th Street between Eighth and Ninth Avenue,New York,United States,,,40.8232394,-73.8107156
V0-001-007481818-0,Friends and Lovers: Backroom,641 Classon Ave,Brooklyn,United States,,,40.6764,-73.9641
V0-001-006698131-1,Gussy' Bar,20-14 29th Street,Astoria,United States,,,40.780184,-73.9078379
V0-001-000424005-8,Greenwich Village Bistro,13 Carmine Street,New York,United States,,,40.7304844,-74.0023439
V0-001-001491699-2,Santos Party House,96 Lafayette Street,New York,United States,,,40.7176003,-74.0013201
V0-001-000480783-5,Shrine,2271 Adam Clayton Powell Blvd(7th Ave),New York,United States,,,40.8143248,-73.9442824
V0-001-001302556-7,Kaufmann Concert Hall,92nd Street,New York,United States,,,40.7826266,-73.951197
V0-001-002155251-6,Maplewood Performing Arts Theater,2100 White Bear Avenue,Maplewood,United States,,,40.7436552,-74.2855632
V0-001-000924167-2,Brooklyn Conservatory of Music,58 Seventh Avenue,Brooklyn,United States,,,40.675959,-73.974774
V0-001-006644283-0,The Jazz Gallery,"1160 BROADWAY, 5TH FLOOR",New York,United States,,,40.7446764,-73.9887154
V0-001-005941071-8,Pierre Loti,258 WEST 15TH STREET Between 7th and 8th Avenues,New York,United States,,,40.7142,-74.0064
V0-001-000481198-0,Glasslands Gallery,289 Kent Avenue,Brooklyn,United States,,,40.7151267,-73.9664837
V0-001-007681932-3,Fat Cat with Negroni's Trio,75 Christopher St.,New York,United States,,,40.7142,-74.0064
V0-001-006543879-7,Leftfield,87 Ludlow St,New York,United States,,,40.718343,-73.989506
V0-001-007099871-6,Silvana,300 W. 116th Street,New York,United States,,,40.8044345,-73.9553998
V0-001-002437119-8,Littlefield,622 Degraw Street,Brooklyn,United States,,,40.679167,-73.983473
V0-001-000188090-7,South Street Seaport,Pier 17,New York,United States,,,40.70591970630334,-74.00145320580441
V0-001-000965593-6,New Jersey Performing Arts Center,36 Park Place,Newark,United States,,,40.739491,-74.1681035
V0-001-005906180-4,Avanti Night Club,272 Post Avenue,Rockville Centre,United States,,,40.6666,-73.6394
V0-001-000163111-6,R Bar,218 Bowery,New York,United States,,,40.7219467,-73.9938044
V0-001-006045671-6,Spectrum,121 Ludlow St. 2nd floor,New York,United States,,,40.719704,-73.9888129
V0-001-002355247-7,Rustik Tavern,471 DeKalb Avenue,Brooklyn,United States,,,40.690801,-73.958279
V0-001-000661583-0,THE SLIPPER ROOM,167 ORCHARD STREET,New York,United States,,,40.7214021,-73.9887194
V0-001-001024937-9,Chat 19,19 Chatsworth Avenue,Larchmont,United States,,,40.930129,-73.751412
V0-001-002216765-2,Stimulate,152 Orchard Street,New York,United States,,,40.7207616,-73.9887703
V0-001-007448993-3,Juniper Jones Studio,10 Jay Street,Brooklyn,United States,,,40.6942,-73.9906
V0-001-000229394-0,Warsaw,261 Driggs Ave,New York,United States,,,40.7225435,-73.9484025
V0-001-000954233-1,Dingbatz NJ,620 Van Houten Avenue,Clifton,United States,,,40.8579533,-74.1476185
V0-001-003386965-9,Bipolar Lounge,2588 Atlantic Ave,Brooklyn,United States,,,40.6754719,-73.8988252
V0-001-000700906-3,LQ,511 Lexington Avenue,New York,United States,,,40.7548797,-73.973452
V0-001-001952602-2,Zupkos Tarven,North Ave,Dunellen,United States,,,40.5904688,-74.4652326
V0-001-001080573-1,Post 282,200 Main Street,Harrison,United States,,,39.7201008,-75.2152769
V0-001-004478725-4,The RockShop,"249 Fourth Avenue Brooklyn, NY 11215",Brooklyn,United States,,,40.6761399,-73.983451
V0-001-001331168-6,Glen Rock Jewish Center,682 Harristown Road,Glen Rock,United States,,,40.957944,-74.118945
V0-001-000522829-3,Mr. Beery's Bar,4019 Hempstead tpke,Bethpage,United States,,,40.7258593,-73.4779615
V0-001-005034061-0,Tobacco Road,355 West 41st St.,New York,United States,,,40.7577118,-73.9926255
V0-001-004872357-3,THAI ROCK,375 Beach 92nd St,Rockaway Park,United States,,,40.5888801,-73.8172158
V0-001-001453897-0,Roseland Ballroom,239 West 52nd Street,New York,United States,,,40.7631436,-73.9841923
V0-001-001889386-6,Thatcher McGhee's,6 Wanaque Ave,Pompton Lakes,United States,,,41.007684,-74.295147
V0-001-007630255-9,Humanities Theatre,,New York,United States,,,40.7142,-74.0064
V0-001-005467267-8,MICKY MO'S,428 Sunrise Hwy,Lynbrook,United States,,,40.6553235,-73.6691787
V0-001-005025243-0,Dizzy's Diner,511 9th Street,Brooklyn,United States,,,40.6656899,-73.9788057
V0-001-007573613-9,Lelabar,422 Hudson St,New York,United States,,,40.7142,-74.0064
V0-001-000229383-4,Pete's Candy Store,709 Lorimer Street,Brooklyn,United States,,,40.718084,-73.950316
V0-001-000395274-9,Caffe Vivaldi,32 Jones Street,New York,United States,,,40.7317592,-74.0029944
V0-001-007696065-4,Destination Dogs,101 Paterson Street,New Brunswick,United States,,,40.4836,-74.4432
V0-001-000229404-6,"Duplex, The",61 Christopher St.,New York,United States,,,40.7337421,-74.0024693
V0-001-004841754-8,FARAFINA CAFE,1813 Amsterdam Ave,New York,United States,,,40.828214,-73.9452438
V0-001-006569468-5,Middle Branch,154 E 33rd St,New York,United States,,,40.745289,-73.979462
V0-001-000861676-3,THE BOX,189 Chrystie Street,New York,United States,,,40.7218798,-73.9922751
V0-001-003615119-9,Saints Sinners,10 East 39th. street between Fifth Avenue & Madison,New York,United States,,,40.7449,-73.9783
V0-001-006021523-4,Srb Brooklyn,177 2nd ave,Brooklyn,United States,,,40.669588,-73.995498
V0-001-006313772-4,The Bay Shore Bar & Grill,2870 Hwy 35,Hazlet,United States,,,40.416342,-74.171966
V0-001-000965252-2,Union County Performing Arts Center,1601 Irving Street,Rahway,United States,,,40.6105216982452,-74.27674081838529
V0-001-007738527-6,Dinosaur Bar-B-Que,604 Union Street,Brooklyn,United States,,,40.6618,-73.9855
V0-001-000954651-3,MCLYNN'S PUB,500 Morris Avenue,Springfield,United States,,,40.7154495,-74.3214663
V0-001-000480596-1,Clash Bar,39 Harding Avenue,Clifton,United States,,,40.876019,-74.1402398
V0-001-001024651-2,Milk Gallery Penthouse,450 West 15 Street,New York,United States,,,40.742282,-74.00631
V0-001-000329189-7,Wicked Willy's,149 Bleecker Street (formerly Asylum),New York,United States,,,40.7328,-74.0078
V0-001-007188241-2,East Coast Tour,TBA,New York,United States,,,40.7142,-74.0064
V0-001-000371359-3,Europa Club,"98-104 Meserole Ave., (corner of Manhattan Ave.),",Brooklyn,United States,,,40.727102,-73.9526893
V0-001-007679324-7,Victory Sports Bar & Club and The Gallery at the Meadowlands Racing & Entertainment,1 Racetrack Drive,East Rutherford,United States,,,40.8204,-74.0884
V0-001-000889365-4,2A,25 Avenue A,New York,United States,,,40.7229485,-73.9859281
V0-001-001103625-9,"Lorenzo's Restaurant, Bar and Cabaret",1100 South Avenue,Staten Island,United States,,,40.6110053,-74.1766818
V0-001-004822958-1,Jack Halyard's American Bar and Grill,62 South St,Oyster Bay,United States,,,40.873427,-73.530169
V0-001-000436630-1,Town Hall,123 West 43rd Street,New York,United States,,,40.7559873,-73.9847049
V0-001-001303597-1,Christ & St Stephen's Church,120 West 69th Street,New York,United States,,,40.775601,-73.981091
V0-001-000909461-2,Dizzy Gillespie Auditorium in the Bahai Center,53 E Eleventh Street,New York,United States,,,40.733292,-73.992563
V0-001-006329504-6,Old Canal Inn,2 E Passaic Ave,Nutley,United States,,,40.812169,-74.183303
V0-001-006660992-1,137 Bar,3379 Broadway,New York,United States,,,40.8214029,-73.9544687
V0-001-000253248-7,Landmark on Main,232 Main Street,Port Washington,United States,,,40.8309255,-73.6962884
V0-001-000229449-9,Brooklyn Museum,200 Eastern Parkway,Brooklyn,United States,,,40.671151,-73.9634766
V0-001-000272337-1,Common Ground Coffeehouse,First Unitarian Society of Westchester,Hastings On Hudson,United States,,,40.9881,-73.8637
V0-001-007577777-4,Hill Country BBQ- Brooklyn,345 Adams st.,Brooklyn,United States,,,40.65,-73.95
V0-001-000440262-1,Trinity Broadcasting Network of New York,120 E Fifteenth Street,New York,United States,,,40.7346781,-73.988456
V0-001-004880843-0,Idle Hands,25 Avenue B,New York,United States,,,40.7223011,-73.9831121
V0-001-007032709-7,The Panther Room,74 Wythe Avenue,Brooklyn,United States,,,40.7223328,-73.9577161
V0-001-006640083-4,Il Porto,37 Washington Ave,Brooklyn,United States,,,40.6973652,-73.9675271
V0-001-000779188-1,Mulcahy's Of Wantagh,3232 Railroad Avenue,Long Island City,United States,,,40.7331644,-73.9385342
V0-001-005502338-3,The Tank @ 46th St.,"151 w. 46th St., 8th Floor",New York,United States,,,40.7583529,-73.9841524
V0-001-007549433-0,Imagine Gallery,555 6th Avenue,New York,United States,,,40.7418,-74.0008
V0-001-003804577-7,South Orange Elks Club (Benefit to Support Local Food Pantries),220 Prospect St,South Orange,United States,,,40.741015,-74.2583836
V0-001-000171097-2,Bergen Performing Arts Center,30 North Van Brunt Street,Englewood,United States,,,40.895168,-73.9748762
V0-001-000186909-2,Nuyorican Poets Cafe,3rd and ave C,New York,United States,,,40.7216408,-73.9805986
V0-001-000887379-3,Groovedeck,530 W 27th Street,New York,United States,,,40.7507416,-74.0037833
V0-001-000513348-1,Red Restaurant &amp; Lounge,3 Broad Street,Red Bank,United States,,,40.352044,-74.065186
V0-001-002489748-3,Prime Time,,Breezy Point,United States,,,40.5564,-73.9267
V0-001-006668651-3,Melrose Ballroom,36-08 33rd Ave.,Astoria,United States,,,40.7656615,-73.9347503
V0-001-000966678-3,Two River Theater,21 Bridge Avenue,Red Bank,United States,,,40.3499962,-74.0752118
V0-001-007452994-9,Rough Trade NYC,64 North 9th St,Brooklyn,United States,,,59.3367,18.0251
V0-001-001381913-3,Stonewall,53 Christopher Street,New York,United States,,,40.7337897,-74.0021338
V0-001-000386575-3,Marquee,289 Tenth Avenue,New York,United States,,,40.7499875,-74.0027094
V0-001-005352386-1,Lincoln Center for the Performing Arts,10 Lincoln Center Plaza,New York,United States,,,40.7726351,-73.9841418
V0-001-007607405-4,Jewish Center of Brighton Beach,2915 Ocean Parkway,Brooklyn,United States,,,40.5832,-73.9438
V0-001-000112492-6,Digital Sandbox Network Event Center,55 Broad Street 4th Flr,New York,United States,,,40.705296,-74.011044
V0-001-001452630-0,Best Buy Theatre (formerly Nokia Theatre Times Square),1515 Broadway at West 44th Street,New York,United States,,,40.7576068,-73.9861364
V0-001-005855192-0,Radiant,100 Vincent Place,Nutley,United States,,,40.817151,-74.157952
V0-001-001468096-3,Death By Audio,49 S Second Street %2C,Brooklyn,United States,,,40.714772,-73.965884
V0-001-006450326-1,Stage 48,605 West 48th Street,New York,United States,,,40.765076,-73.995986
V0-001-001416584-4,The Fine Grind Coffee Bar,480 Main Street,Little Falls,United States,,,40.8859732,-74.2444733
V0-001-000351057-0,Five Spot,459 Myrtle Avenue,Brooklyn,United States,,,40.693513,-73.967162
V0-001-007506723-3,Sounds of Hoboken,11th Street and Park Avenue,Hoboken,United States,,,40.7439,-74.0328
V0-001-004853300-4,CUNY Brooklyn College,2900 Bedford Ave,Brooklyn,United States,,,40.6319911,-73.9527511
V0-001-001894312-5,Coco 66 - Live Footage,66 Greenpoint Avenue,Brooklyn,United States,,,40.7295609,-73.958326
V0-001-005254891-5,Slake,251 W 30th St,New York,United States,,,40.7492758,-73.9943228
V0-001-007362036-6,Rent Party,220 Prospect Street,South Orange,United States,,,40.749,-74.2639
V0-001-000888580-4,Klimat,77 E Seventh Street,New York,United States,,,40.7273202,-73.9862608
V0-001-002249452-9,The Wild Project,195 East Third Street,New York,United States,,,40.723035,-73.983281
V0-001-000349550-9,The Allen Room,Broadway and 60th Street Fifth floor,New York,United States,,,40.7765,-73.9833
V0-001-006383344-8,Fat Buddha Bar,212 Ave. A,New York,United States,,,40.7210278,-73.7483693
V0-001-006297588-0,Rockaway River Barn,11 Green Pond Road,Rockaway,United States,,,40.912163165222516,-74.50191265463104
V0-001-003608240-0,Poor Herbies,13 Waverly Pl,Madison,United States,,,40.758103,-74.4158224
V0-001-000888823-6,Frankie Blue,9 Avenue A,New York,United States,,,40.7226519,-73.986321
V0-001-005462830-3,Tammany Hall (NY),152 Orchard St.,New York,United States,,,40.7182,-73.9847
V0-001-001378734-8,Ibiza Lounge,220 West 242nd Street,Bronx,United States,,,40.8896314,-73.8992964
V0-001-000260640-9,"Hicks Nurseries, Inc.",100 Jericho Turnpike,Westbury,United States,,,40.763459,-73.5973894
V0-001-001084044-2,Museum of Arts &amp; Design,"2 Columbus Cir,",New York,United States,,,40.7142,-74.0064
V0-001-001212546-2,Jazz At Lincoln Center,Broadway and 60th Street,New York,United States,,,40.7689007,-73.9819886
V0-001-000513347-2,Liberty House Restaurant,76 Audrey Zapp Drive,Jersey City,United States,,,40.7090763,-74.0400517
V0-001-002239788-2,Cameo,93 N6th Street (Between Berry and Wythe),Brooklyn,United States,,,40.7113,-73.946
V0-001-000256136-4,Miller Theater,Columbia University 2960 Broadway (at 116th Street),New York,United States,,,40.8080586,-73.9640084
V0-001-007208283-3,The Space at Westbury,250 Post Avenue,Westbury,United States,,,40.75817522683059,-73.58751930174827
V0-001-001149947-6,Knitting Factory,361 Metropolitan Avenue,Brooklyn,United States,,,40.7140955,-73.955965
V0-001-006012065-3,@ USA Tour,,New York,United States,,,40.7142,-74.0064
V0-001-006355930-6,DIP Aqua Bar and Lounge,125 West 45th Street,New York,United States,,,40.7574358,-73.9838091
V0-001-000002297-7,"Postal code 07066, US",1180 Raritan Road,Clark,United States,,,40.630474,-74.311181
V0-001-004000684-1,Sonny's Bar and Grill,3809 E Tremont Ave,Bronx,United States,,,40.824861,-73.82012
V0-001-007605094-8,The Elks Lodge,302 E. 2nd Street,Bound Brook,United States,,,40.5714,-74.5384
V0-001-006714011-5,Brookfield Place,250 Vesey St,New York,United States,,,40.714834,-74.01545
V0-001-000927232-6,Arlene's Grocery,95 Stanton Street,New York,United States,,,40.7213205,-73.9882117
V0-001-000431307-1,BAM Howard Gilman Opera House,30 Lafayette Avenue,Brooklyn,United States,,,40.6864624,-73.9777052
V0-001-004539734-0,The Path Cafe,131 Christopher St,New York,United States,,,40.733102,-74.0067253
V0-001-001992005-1,APAP - Love Productions Showcase,,New York,United States,,,40.7142,-74.0064
V0-001-000888002-1,Time Out New York Lounge,340 West 50th Street,New York,United States,,,40.763015,-73.9878198
V0-001-000334548-0,Crossroads,78 North Ave,Garwood,United States,,,40.654499,-74.318558
V0-001-000342003-7,Carnegie Hall,881 Seventh Avenue,New York,United States,,,40.765016,-73.9799
V0-001-000963970-7,Spike Hill,184 & 186 Bedford Ave,Brooklyn,United States,,,40.7178265,-73.9580764
V0-001-005385889-1,ShapeShifter Lab,"18 Whitwell Place Brooklyn, NY 11215",Brooklyn,United States,,,40.6763651,-73.9859649
V0-001-001415751-7,"Hudson Terrace (New York, NY)",621 West 46th Street,New York,United States,,,40.764057,-73.997545
V0-001-003690980-6,"Partners Seacliff , NY",225 Sea Cliff Ave,Sea Cliff,United States,,,40.8490773,-73.6447203
V0-001-007561648-2,BLKMRKT,,New York,United States,,,40.7142,-74.0064
V0-001-000967246-5,Pianos,158 Ludlow Street,New York,United States,,,40.721108,-73.987751
V0-001-001358119-7,Dance Manhattan Studio,39 West Nineteenth Street,New York,United States,,,40.7400937,-73.9934269
V0-001-005361285-5,The MORGAN,25 Bogart St. (between Rock St & Varet St),Brooklyn,United States,,,40.703372,-73.937648
V0-001-001467820-5,The Theater At Madison Square Garden,Seventh Avenue and 32nd Street,New York,United States,,,40.7497062,-73.9916006
V0-001-001497467-7,88 Palace,88 East Broadway @ Forsyth,New York,United States,,,42.6516023,-79.0399664
V0-001-000978654-6,B.B. King Blues Club and Grill,237 W 42nd Street,New York,United States,,,40.7566714,-73.9884173
V0-001-002323286-5,Leo&39;s garden city,190 Seventh Street,Garden City,United States,,,40.725018,-73.634232
V0-001-003947090-7,World Famous Montana Studios,,New York,United States,,,40.7659,-73.985
V0-001-007605349-5,Fun Zone,229 New York 110,Farmingdale,United States,,,40.7334,-73.4281
V0-001-006048972-3,The Manderley Bar at The McKittrick Hotel,532 W 27th St,New York,United States,,,40.7507994,-74.003941
V0-001-001115927-7,El Morocco,3534 Broadway,New York,United States,,,40.826027,-73.950227
V0-001-000349552-7,Avery Fisher Hall,10 Lincoln Square,New York,United States,,,40.77231875092571,-73.98293856085206
V0-001-000306542-3,Newark Symphony Hall,1020 Broad St,Newark,United States,,,40.7280616,-74.1762834
V0-001-007098682-7,Cozy Cabin Concerts,,Saddle Brook,United States,,,40.8989,-74.0931
V0-001-001340433-9,Hill Country BBQ,30 W 26th Street,New York,United States,,,40.7440142,-73.989586
V0-001-001542421-2,Martini Bistro and Bar,40 Main Street,Millburn,United States,,,40.724478,-74.307087
V0-001-000359602-0,Nublu,62 Avenue C,New York,United States,,,40.722502,-73.979677
V0-001-000391103-4,The Inkwell Jazz Comedy Cafe,408 Rogers Avenue between lefferts Avenue and Sterling Street,Brooklyn,United States,,,40.662757,-73.953055
V0-001-006044218-4,Wythe Hotel,80 Wythe Avenue,Brooklyn,United States,,,40.7221087,-73.9578089
V0-001-005825067-8,Union Square Ballroom,29 Union Sq W # 500,New York,United States,,,40.7365179,-73.991199
V0-001-000446211-9,Jalopy,315 Columbia Street,Brooklyn,United States,,,40.681311,-74.004201
V0-001-000278766-1,Outpost in the Burbs,The Unitarian Church 67 Church Street,Montclair,United States,,,40.8153778,-74.220146
V0-001-002292580-7,RS Jones,153 Merrick Ave,Merrick,United States,,,40.668329,-73.554404
V0-001-000325580-4,Mannes College of Music,150 West 85th Street,New York,United States,,,40.786413,-73.9741405
V0-001-006790225-0,Union County Performing Arts Center Hamilton Stage,360 Hamilton Street,Rahway,United States,,,40.6117271,-74.2795159
V0-001-003821192-7,Radegast Hall & Beer Garden,113 N 3rd St,Brooklyn,United States,,,40.7165532,-73.9615518
V0-001-004424234-4,Grand Cru Wine Bar,36 North Van Brunt Street,Englewood,United States,,,40.8963974,-73.9739084
V0-001-000572320-2,Klub 45: Connolly's,121 W 45th Street (between Sixth Seventh Avenue ),New York,United States,,,40.7516796,-73.9901898
V0-001-006936813-1,Paper Box,17 Meadow Street,Brooklyn,United States,,,40.710856,-73.936609
V0-001-000529171-2,Terminal 5,610 West 56th Street,New York,United States,,,40.769708,-73.992762
V0-001-007643001-0,"Love Club, Carle Place",,Long Island City,United States,,,40.7447,-73.9492
V0-001-006473221-6,Espresso 77,37-57 77th St,Jackson Heights,United States,,,40.7236855,-73.8825501
V0-001-000888912-9,Le Cigar,151 E 50th Street,New York,United States,,,40.756258,-73.971193
V0-001-001462094-3,Mercury Lounge,217 East Houston Street,New York,United States,,,40.722036,-73.986806
V0-001-001935582-2,APAP Artists Conference,1335 6th Avenue,New York,United States,,,40.7621329,-73.979088
V0-001-007379915-2,SANKEYS NYC,29 West 36th Street,New York,United States,,,40.7553,-73.9922
V0-001-001627851-3,Empire City Gaming Yonkers Raceway,810 Yonkers Avenue,Yonkers,United States,,,40.919737,-73.8653489
V0-001-005552717-1,ISSUE Project Room,110 Livingston (Entrance at 22 Boerum Place),Brooklyn,United States,,,40.6908083,-73.989562
V0-001-003764988-6,M.B. Fitzpatricks,746 Old Bethpage Rd,Old Bethpage,United States,,,40.7640444,-73.4543942
V0-001-001679134-2,The Downtown,West Front Street,Red Bank,United States,,,40.347257,-74.087649
V0-001-000529392-3,KJ Farrels,242 Pettit Avenue,Bellmore,United States,,,40.6690367,-73.5292125
V0-001-000223921-6,Marquis Theatre,46th Street,New York,United States,,,40.758526,-73.985775
V0-001-001397665-0,Mahwah Regional Chamber of Commerce,105 Lakeside Drive,Ramsey,United States,,,41.0507159,-74.1328816
V0-001-000554297-1,Arka Lounge,4488 Broadway,New York,United States,,,40.8577561,-73.9320856
V0-001-004751153-7,Full Cup,388 Van Duzer St,Staten Island,United States,,,40.6287613,-74.0800882
V0-001-005804763-0,6 PM: Tasting: B3 Lounge at Body By Brooklyn Spa,275 Park Ave.,Brooklyn,United States,,,40.696318,-73.967902
V0-001-001369465-9,Kc's Corner,100 oak tree road,South Plainfield,United States,,,40.578447,-74.4104257
V0-001-000946173-5,Joe's Pub,425 Lafayette Street,New York,United States,,,40.729126,-73.9920822
V0-001-000229434-7,El Museo del Barrio,1230 Fifth Avenue,New York,United States,,,40.7932214,-73.9514182
V0-001-000268749-5,The Bowery Electric,327 Bowery at Second,New York,United States,,,40.7257,-73.991673
V0-001-007316898-1,BLACK PEARL,1299 Grand Avenue,Baldwin,United States,,,40.6534,-73.6082
V0-001-007299827-9,LOVE,,Long Island City,United States,,,40.7447,-73.9492
V0-001-007358857-4,Sage,,Brooklyn,United States,,,40.65,-73.95
V0-001-001463409-8,Grasshopper Too,26 Erie Avenue,Wayne,United States,,,40.91452,-74.267339
V0-001-000365451-9,Garage,Christopher St. & 7th Ave,New York,United States,,,40.7336089,-74.0028203
V0-001-000501933-0,Cafe Wha,115 Macdougal,New York,United States,,,40.7301659,-74.000664
V0-001-007233860-8,The Greater Calvary Baptist Church/ 43-55 West 124th Street NYC,55 East 124th Street,New York,United States,,,40.8048301,-73.9403738
V0-001-000611906-2,Vibe Lounge,60 Front Street,Rockville Centre,United States,,,40.6584443,-73.645585
V0-001-000281317-9,The Cornelia Street Cafe,29 Cornelia Street,New York,United States,,,40.7314926,-74.0024972
V0-001-005306535-8,Baby Castles,285 Kent,Brooklyn,United States,,,40.7149016,-73.9666132
V0-001-006126704-9,The Capitol Theatre,149 Westchester Ave,Port Chester,United States,,,41.001397,-73.6654978
V0-001-000408023-4,Session 73,1359 First Avenue,New York,United States,,,40.7685766,-73.9558828
V0-001-000162530-0,Symphony Space,2537 Broadway at 95th Street,New York,United States,,,40.793942,-73.972906
V0-001-004901144-8,The Way Station,683 Washington Ave,Brooklyn,United States,,,40.6767595,-73.9634215
V0-001-005981814-1,Room Mate grace hotel,125 W 45th street,New York,United States,,,40.7142,-74.0064
V0-001-002254177-5,Franklin Park,618 Street Johns Place,Brooklyn,United States,,,40.6725066,-73.9578374
V0-001-004035034-4,Roxy and Dukes Roadhouse,745 Bound Brook Rd.,Dunellen,United States,,,40.5876905,-74.4731392
V0-001-000887390-6,Jimmy's Basment,43 East Seventh Street,New York,United States,,,40.7281332,-73.9884175
V0-001-000113512-6,"Postal code 07071, US",1050 Wall Street West,Lyndhurst,United States,,,40.8065656,-74.1043676
V0-001-004662411-7,Cannon’s Blackthorn,49 North Village Ave.,Rockville Centre,United States,,,40.6581459,-73.6476405
V0-001-000742923-0,PLATTDUETSCHE Park Restaurant,1132 Hempstead Turnpike,Franklin Square,United States,,,40.708183,-73.682202
V0-001-006085424-6,Paper Box,17 Meadow Street Btwn. Waterbury & Bogart,Brooklyn,United States,,,40.65,-73.95
V0-001-000965776-7,Music Hall of Williamsburg,66 N Sixth Street,Brooklyn,United States,,,40.7192879,-73.9617084
V0-001-000529109-5,(Le) Poisson Rouge,158 Bleecker Street,New York,United States,,,40.7284972,-74.0000671
V0-001-001521868-4,The Scratcher,209 East Fifth Street,New York,United States,,,40.7274854,-73.9905903
V0-001-001523398-4,The Spot Lounge,45 Commerce str,Newark,United States,,,40.7363776,-74.1690234
V0-001-000662026-7,THE COURT TAVERN,124 CHURCH ST,New Brunswick,United States,,,40.4957611,-74.4453667
V0-001-000448265-4,The Triad,158 W 72nd Street Second Floor,New York,United States,,,40.7142,-74.0064
V0-001-000116699-5,Strand Book Store,828 Broadway,New York,United States,,,40.7332739,-73.9908698
V0-001-005881869-4,XL Cabaret,512 West 42nd Street,New York,United States,,,40.760032,-73.9964308
V0-001-000202801-8,Rodeo Bar,375 Third Avenue,New York,United States,,,40.741414,-73.980889
V0-001-000963901-7,otto's shruken heads,538 east Fourteenth st,New York,United States,,,40.729399,-73.978722
V0-001-006400901-1,Sanctuary Guest Suites,196 Stanton St,New York,United States,,,40.7199488,-73.9832323
V0-001-004131141-2,Acheron,57 waterbury st,Brooklyn,United States,,,40.7092747,-73.9370977
V0-001-000751118-8,The Gramercy Theatre (The Blender Theatre),127 East 23rd Street,New York,United States,,,40.7399,-73.984911
V0-001-003317405-6,The Mason Jar,221 Ramapo Valley Road,Mahwah,United States,,,41.09636,-74.1651
V0-001-000837136-5,The Red Lion,151 Bleecker Street,New York,United States,,,40.7284632,-73.9995098
V0-001-000887323-4,Recoup Lounge,210 Rivington Street,New York,United States,,,40.7185036,-73.982663
V0-001-000893827-6,Karma Lounge,51 First Avenue,New York,United States,,,40.724931,-73.987653
V0-001-001640075-0,Ginger's Bar,363 Fifth Avenue,Brooklyn,United States,,,40.6714086,-73.9844171
V0-001-003182590-7,PS 321 William Penn School,180 7th Avenue,Brooklyn,United States,,,40.6713197,-73.9779245
V0-001-006515038-5,Brooklyn Night Bazaar,165 Banker Street,Brooklyn,United States,,,40.65,-73.95
V0-001-000326523-6,Saint Peter's College,2641 Kennedy Blvd,Jersey City,United States,,,40.7281,-74.0781
V0-001-002129610-6,Lower East Side,137 East Houston Street &amp country=United%20States,New York,United States,,,40.7142,-74.0064
V0-001-000245067-9,Alphabet Lounge,104 Avenue C,New York,United States,,,40.7239222,-73.9788269
V0-001-001084068-2,Lehman Center for the Performing Arts,250 Bedford Park Boulevard West,Bronx,United States,,,40.873375,-73.8894068
V0-001-003764790-3,Cin-M-Art,17 Murray Street,New York,United States,,,40.713718,-74.008036
V0-001-001080909-2,National Black Theartre of Harlem,2031-33 Fifth Avenue,New York,United States,,,40.733166,-73.995278
V0-001-000228997-4,The Metropolitan Museum of Art,1000 Fifth Avenue,New York,United States,,,40.7792134,-73.9634699
V0-001-001234683-4,Desmond's Tavern,433 Park Avenue South,New York,United States,,,40.7442346,-73.9832426
V0-001-000112934-7,Goldcrest Post Screening Room,Screening Room,New York,United States,,,40.7142,-74.0064
V0-001-000389380-8,Hammerstein Ballroom,311 West 34th Street,New York,United States,,,40.752664,-73.994309
V0-001-000326339-9,Ramapo College of New Jersey,505 Ramapo Valley Rd,Mahwah,United States,,,41.0886,-74.1442
V0-001-000823527-6,Parsippany,1735 Rte 46,Parsippany,United States,,,40.865236,-74.408546
V0-001-000888790-9,Prohibition,503 Columbus Avenue,New York,United States,,,40.7852967,-73.9728424
V0-001-000250706-5,State Theatre,15 Livington Avenue,New Brunswick,United States,,,40.4931855,-74.4443191
V0-001-000541464-1,The Hillside Cafe,45 Hillside Crescent (corner of Church and Prospect Street ),Nutley,United States,,,40.8182265,-74.1645287
V0-001-000836548-9,South Orange Performing Arts Center,One SOPAC Way,South Orange,United States,,,40.74608,-74.2609403
V0-001-006715831-8,MONDO,426 Springfield Ave,Summit,United States,,,40.717753,-74.359455
V0-001-007100786-2,Cloud City,"Cloud City 85 N 1st St,",Brooklyn,United States,,,40.7161693,-73.9634693
V0-001-000836732-6,"Hastings-On-Hudson Train Station (Hastings on Hudson, NY)",134 Southside Avenue,Hastings On Hudson,United States,,,40.9945752,-73.8841124
V0-001-000888957-2,Bar 9,807 Ninth Avenue,New York,United States,,,40.765801,-73.9876869
V0-001-007650996-7,Norwood Club,,Saint Albans,United States,,,40.6983,-73.7611
V0-001-005704750-9,Irish Haven,5721 4th Ave,Brooklyn,United States,,,40.6406,-74.0169
V0-001-001329882-6,South Presbyterian Church,343 Broadway Dobbs Ferry NY 10522,Dobbs Ferry,United States,,,41.014823,-73.872787
V0-001-000967314-5,Dublin Pub,4 Pine Street,Morristown,United States,,,40.7946384,-74.4784799
V0-001-006379897-8,Esavoy Lounge,2192 Flatbush Ave,Brooklyn,United States,,,40.6166597,-73.9303404
V0-001-001002458-5,Count Basie Theatre,99 Monmouth Street,Red Bank,United States,,,40.348895,-74.070198
V0-001-007077732-6,The Eden Ladin 'Universe' @ Fat Cat,75 Christopher St.,New York,United States,,,40.7142,-74.0064
V0-001-001696421-2,The Bell House,149 Seventh Street,Brooklyn,United States,,,40.673575,-73.991697
V0-001-001437334-6,The Brighton Bar,121 Brighton Avenue,Long Branch,United States,,,40.2845863,-73.9873435
V0-001-002951173-7,Fifth Estate,421 5th Ave,Brooklyn,United States,,,40.6698803,-73.9855715
V0-001-000345892-4,Under St. Mark's,94 St. Mark's Place,New York,United States,,,40.7273211,-73.9848844
V0-001-005404151-3,Goodbye Blue Monday,1087 Broadway,Brooklyn,United States,,,40.6945679,-73.930494
V0-001-000502513-7,The Delancey,168 Delancey between Clinton and Attorney,New York,United States,,,40.7142,-74.0064
V0-001-001104350-5,Espresso Joe's,50 W Front Street,Keyport,United States,,,40.4369446,-74.2037001
V0-001-001497742-5,Club Remix - After Hours,27 Park Place,New York,United States,,,40.7130914,-74.0087263
V0-001-001027447-2,Bembe,81 South Sixth Street,Brooklyn,United States,,,40.7110723,-73.9651403
V0-001-000632033-0,Tea Lounge,837 Union Street,Brooklyn,United States,,,40.674948,-73.97602
V0-001-000888813-9,Flute,205 W 54th Street,New York,United States,,,40.763994,-73.9820528
V0-001-000902104-1,"Times Square Area (New York, NY)",Times Square Area,New York,United States,,,40.7588825,-73.9851759
V0-001-004975173-1,Studio-X New York,180 Varick St.,New York,United States,,,40.7276957,-74.0053962
V0-001-007672989-9,Monmouth Beach Cultural Center,128 Ocean Ave.,Monmouth Beach,United States,,,40.3341,-73.9841
V0-001-000290564-7,SOB's,204 Varick Street,New York,United States,,,40.7284001,-74.0052472
V0-001-007610249-0,Assumption of the Holy Virgin Orthodox Church,35 Orange Street,Clifton,United States,,,40.8583,-74.1642
V0-001-001103992-8,The Main Streets Cafe,54 Main Street,Madison,United States,,,40.759189,-74.415059
V0-001-003824846-2,Newark Airport (Private Party),,Newark,United States,,,40.7356,-74.1728
V0-001-005997151-0,STASH,248 West 14th Street,New York,United States,,,40.73925,-74.002098
V0-001-007520882-1,Radio Bushwick,22 Wyckoff Avenue,Brooklyn,United States,,,40.7041,-73.9181
V0-001-001257813-2,Etcetera Etc,352 W 44Th Street,New York,United States,,,40.7593605,-73.9910726
